Name,Phone,Email,Message
Timothy Payne,766-921-0216x831,pfisher@carr-thomas.com,Need a quote for repairing my van.
John Newton,+1-137-317-5530x6527,ellisonelizabeth@gmail.com,What's the best maintenance plan for my electric vehicle?
Jasmine Estrada,3830515221,ulee@perez.com,Interested in test-driving the latest motorcycle.
Diana Taylor,4922858693,jacob37@gmail.com,Interested in test-driving the latest motorcycle.
Mr. Nathaniel Davenport,3349324178,westamy@smith.com,Looking for the best lease deals on a car.
Andrew Richardson,0793367820,christian21@long.biz,I'm interested in buying a new pickup truck.
Joseph Baker,224-297-6223,mccoyfelicia@hotmail.com,Looking for the best fuel-efficient car.
Sara Stuart,953-778-4550,edwardsbrandon@sullivan.com,Do you offer warranties for a car?
Jeremy Wilson,(813)372-6101x618,rachel05@yahoo.com,Looking for a loan option for my SUV.
Susan Brown,5282398160,whitekimberly@newman.com,I'm interested in buying a new pickup truck.
Dave Gaines,762-566-3768,xstevens@yahoo.com,Interested in test-driving the latest pickup truck.
Holly Cox,001-919-919-4705x0456,simmonskristy@warren-welch.com,Looking for a loan option for my car.
Aaron Farley,(498)688-0875,colleen80@sims.biz,Can I trade in my old truck for a new one?
Samuel Small,852.058.0442,williamsmason@gmail.com,What's the best maintenance plan for my SUV?
Kelly Bowman,(857)933-3506,elizabethharrison@hotmail.com,Do you offer warranties for a SUV?
Robert Wright,6063635446,omartinez@stephens.com,What's the best maintenance plan for my van?
Leah Sosa,(859)521-1246,perrybenjamin@hotmail.com,What's the best maintenance plan for my van?
Brenda Moore,042.838.5917x45545,david97@yahoo.com,Looking for the best fuel-efficient pickup truck.
Shannon Taylor,473.703.3886,jessicagilbert@hunt.com,Looking for the best lease deals on a RV.
Kenneth Fields,435-456-4848x110,sonia21@cunningham.com,Can I trade in my old motorcycle for a new one?
Keith Wolf,3374429319,vbaker@duffy.net,Can I trade in my old motorcycle for a new one?
Christopher Hernandez,748.687.7014x415,brownlaura@warren.net,Do you offer insurance for a electric vehicle?
Amy Jackson,+1-839-135-6658,alex97@gmail.com,Looking for the best lease deals on a car.
Deborah Parrish,587.291.7437,mackenzieross@yahoo.com,Looking for a loan option for my electric vehicle.
Laura Anderson,001-805-837-2583,danny51@campbell.com,Looking for the best fuel-efficient motorcycle.
Jordan Cohen,001-989-903-2630x214,djackson@gmail.com,I'm interested in buying a new truck.
Helen Davis,577-407-7419,crystalsmith@west.com,What's the best maintenance plan for my van?
Denise Johnson,042-531-3538x16994,ldyer@cox-washington.biz,Do you offer warranties for a SUV?
Sean Lindsey,+1-945-177-7487x94921,meganmorgan@hotmail.com,Looking for the best lease deals on a truck.
Vanessa Watts,+1-670-080-3603x7705,vkeller@hotmail.com,Looking for the best lease deals on a motorcycle.
Daniel Crawford,880.016.0438,vjohnson@murray.org,Looking for the best fuel-efficient electric vehicle.
Michael Griffith,(043)628-5435,jennifer05@murphy-perez.com,Can I trade in my old RV for a new one?
Nicholas Wade,287.027.2462,iblack@johnson-bell.com,Do you offer insurance for a RV?
Angela Gonzalez,413.955.1331,juliaprice@roth.info,Looking for the best fuel-efficient truck.
Marvin Dillon,830-527-7822x5266,annafrey@james.biz,Need a quote for repairing my truck.
Amy Baxter,908.343.2222x398,gdunn@hotmail.com,Can I trade in my old car for a new one?
Jacob Bryant,001-291-122-9051x614,xphillips@yahoo.com,Need a quote for repairing my car.
Matthew Crawford,6688665185,welchshawn@yahoo.com,Looking for a loan option for my car.
Julie Ortega,(901)945-8077,klawson@yahoo.com,I'm interested in buying a new motorcycle.
Zachary Skinner,7752795245,sara89@morris.net,Looking for the best lease deals on a car.
Ryan Pierce,838-128-6399x2226,robert40@gmail.com,Looking for the best fuel-efficient van.
Douglas Fox,658.070.1279,christophertyler@gmail.com,Do you offer warranties for a motorcycle?
Geoffrey Gibson,2541357587,robertshaw@yahoo.com,What's the best maintenance plan for my motorcycle?
Cynthia Murphy,6633773715,elliottkenneth@barnett.com,Do you offer warranties for a motorcycle?
Mary Jimenez,(217)889-3143,kbriggs@hotmail.com,Interested in test-driving the latest car.
Cody Murphy,001-936-963-0153x851,ccline@yahoo.com,Need a quote for repairing my van.
Ashley Sanchez,(206)971-9767,rhaney@gmail.com,Can I trade in my old van for a new one?
Casey Williams,(166)827-8272x8461,evelyn78@carlson.com,I'm interested in buying a new motorcycle.
Sheri Hernandez,924-069-6135,tonypetersen@hotmail.com,Looking for the best lease deals on a SUV.
Patty Clark,+1-397-277-4546x3919,sharpneil@yahoo.com,I'm interested in buying a new RV.
Benjamin Alvarado,1694541628,charles30@hotmail.com,Interested in test-driving the latest electric vehicle.
Catherine Williams,(589)481-7738x314,gregory96@farley.com,Looking for the best fuel-efficient van.
Sierra Gonzalez,(346)831-1479x0085,wgrant@hotmail.com,Do you offer warranties for a van?
Elizabeth Peters,917.086.8209x68513,nicole64@sloan.info,Interested in test-driving the latest motorcycle.
Margaret Mendoza,217.549.3582,jonesbrianna@smith.com,Can I trade in my old van for a new one?
Dennis Dean,001-226-357-5150x4111,hallmichael@chan.info,Looking for a loan option for my RV.
Ashley Kent,+1-369-768-6595x9815,longcharles@gmail.com,Do you offer warranties for a pickup truck?
Alexander Maldonado,(377)123-3174x365,kyle29@hotmail.com,Interested in test-driving the latest car.
Curtis Wood,+1-161-299-0489x2393,webbtiffany@yahoo.com,Do you offer insurance for a motorcycle?
Willie Baker,(693)930-7185x236,rgreen@carter-henson.com,I'm interested in buying a new car.
Rebecca Anderson,001-324-593-3069x654,ryanliu@yahoo.com,Interested in test-driving the latest RV.
Colleen Olson,1611748139,nathanielthompson@hotmail.com,Looking for the best lease deals on a car.
Kimberly Martinez,408.059.2184,wesley65@gmail.com,Do you offer warranties for a van?
Alejandra Walker,534-338-0114x5425,mariestafford@bean-higgins.biz,Looking for a loan option for my SUV.
Dylan Best,001-019-411-2734x93648,dmartin@hotmail.com,Need a quote for repairing my truck.
Emily Lee,649-991-0765x81876,lgoodman@gmail.com,Can I trade in my old SUV for a new one?
Angela Johnson,1194495093,gregorybecky@yahoo.com,I'm interested in buying a new pickup truck.
Donna York,195-372-1715,sheltonscott@baker.com,Can I trade in my old car for a new one?
Terry Keith,+1-341-232-1035x561,jamie97@marsh.com,Do you offer warranties for a car?
David Sullivan,001-115-380-8942,jeffreymurphy@yahoo.com,Need a quote for repairing my van.
Sandra Abbott,922.074.8645,haroldrobinson@browning.net,Can I trade in my old electric vehicle for a new one?
Jesse Escobar,1827826085,pthomas@thomas.com,Interested in test-driving the latest electric vehicle.
Cameron Wright,9353464713,jonesdavid@hotmail.com,Looking for a loan option for my pickup truck.
Leslie Monroe,001-617-064-7362x69518,christopher20@burton-jones.com,Do you offer warranties for a truck?
Lindsay Mendoza,(910)302-7386x92492,zrichards@preston.com,Looking for the best fuel-efficient SUV.
Michelle Acosta,+1-284-738-8299,laurencarter@jackson.com,I'm interested in buying a new RV.
Robert Davis IV,001-894-029-5665x91148,elewis@yahoo.com,Looking for the best lease deals on a RV.
Lisa Neal,(328)361-3602x169,tristanmckenzie@anthony.com,I'm interested in buying a new pickup truck.
Thomas Jenkins,357.084.4973,juliatucker@gmail.com,I'm interested in buying a new truck.
John Baker,+1-351-401-3140x51069,mark68@hotmail.com,What's the best maintenance plan for my truck?
Johnny Sloan,(126)358-7450x35192,markcampbell@gmail.com,Looking for the best fuel-efficient van.
Heather Velasquez,001-853-691-8443x73839,nicholsjason@hotmail.com,Do you offer insurance for a RV?
Joseph Cameron,(832)772-3271x8290,vjohnston@smith-landry.com,Can I trade in my old SUV for a new one?
Philip Kane,+1-959-729-9320x294,richardsonmaria@hotmail.com,Looking for the best fuel-efficient electric vehicle.
Maurice Garcia Jr.,666-112-7221,melissamiller@deleon.com,Do you offer warranties for a van?
Michael Freeman,508.652.5497x958,boydnatalie@obrien-brown.info,Do you offer insurance for a van?
Jeremy Contreras,001-129-069-1818x389,johnnyweaver@yahoo.com,Looking for a loan option for my RV.
Amanda Patterson,914.134.4870x09163,john18@moore.com,Do you offer insurance for a van?
Stacey Tucker,(369)776-6144,wrogers@gmail.com,Can I trade in my old van for a new one?
Amy Hampton,(110)226-5271x6307,christophertaylor@hotmail.com,Looking for the best fuel-efficient electric vehicle.
Jennifer Massey,589-412-4070,schroederbrady@yahoo.com,Do you offer insurance for a RV?
Alyssa Murphy,+1-803-876-1462x470,brandi05@rios.com,Need a quote for repairing my van.
Debbie Esparza,062-041-0978,james79@yahoo.com,Looking for the best lease deals on a truck.
Stephanie Diaz,011.184.1862,qdawson@brady.biz,What's the best maintenance plan for my SUV?
Mark Harris,+1-252-718-8691x45916,johnsonrobin@hotmail.com,Interested in test-driving the latest motorcycle.
Shannon Nelson,375.843.2627x44867,westlynn@gonzalez.com,Do you offer insurance for a truck?
Alicia Chapman,001-953-695-4882x275,jgarcia@yahoo.com,Do you offer warranties for a van?
Brian Flores,+1-162-865-3941x57260,garciachristine@anderson.biz,I'm interested in buying a new pickup truck.
Valerie Harmon,(161)439-9000x15649,megandavenport@gmail.com,Do you offer warranties for a electric vehicle?
Maria Leach,0328070448,gnelson@gmail.com,Interested in test-driving the latest motorcycle.
Candace Perez,060.128.8910,kimberlyhorton@gmail.com,What's the best maintenance plan for my electric vehicle?
Austin Brown,143-871-7203x36898,toni23@yahoo.com,Looking for the best fuel-efficient pickup truck.
Jessica Reynolds,158-166-5055x739,maria97@yahoo.com,Looking for the best lease deals on a van.
Maurice Garcia,(483)161-3316x12901,zacharyreid@hotmail.com,Interested in test-driving the latest van.
Denise Green,(346)126-6554,grantrobert@greene.com,Interested in test-driving the latest van.
Nicole Todd,178-822-7007x7877,levydeborah@goodman.com,What's the best maintenance plan for my motorcycle?
Shawn Jones,+1-440-502-7054x70019,michaelstokes@johnson.com,I'm interested in buying a new RV.
Caroline Young,+1-921-492-5669x24228,vfreeman@carter.biz,Looking for a loan option for my motorcycle.
Debra May,+1-026-525-6602x55660,aaron44@hotmail.com,Looking for the best lease deals on a motorcycle.
Mrs. Melanie Edwards,001-407-199-9235,cassandrahoward@gmail.com,Interested in test-driving the latest RV.
Aaron Palmer,797-481-7809,nortonalicia@yahoo.com,Can I trade in my old pickup truck for a new one?
James Barker PhD,(223)102-4050,moraleshoward@hotmail.com,Can I trade in my old motorcycle for a new one?
Katherine Wright,+1-434-162-3310x67006,logan85@yahoo.com,Do you offer warranties for a van?
Cody Alvarez,604-938-5498x939,russellwatson@yahoo.com,Can I trade in my old truck for a new one?
Christian Johnson,+1-478-438-0336,gmarquez@johnson-gardner.net,Interested in test-driving the latest van.
Juan Lewis,001-851-019-8573x523,qwashington@thompson.com,What's the best maintenance plan for my electric vehicle?
Kimberly Dillon,(831)929-0334,daltontimothy@hotmail.com,Do you offer insurance for a van?
Ryan Robinson,(929)968-9036x72259,danielleellis@gmail.com,Do you offer warranties for a RV?
Dominique White,325.844.0667x2526,carly57@shaw.com,What's the best maintenance plan for my motorcycle?
Mrs. Heather Stanley MD,461-771-5251x067,tamicampbell@davis.org,Do you offer insurance for a SUV?
Spencer Perez,+1-247-612-1391x149,kristina14@hotmail.com,Looking for a loan option for my electric vehicle.
Monica Walsh,3345528686,tara67@gmail.com,Looking for the best lease deals on a electric vehicle.
Eric Harris,083-628-0682x3376,barbara14@hotmail.com,Can I trade in my old electric vehicle for a new one?
Colin Donovan,629-427-3431x5708,jennifercrawford@jones-guzman.com,What's the best maintenance plan for my car?
Victoria Chandler,444.784.5876,eedwards@hotmail.com,Looking for the best fuel-efficient car.
Thomas King,056-514-7171,kimberly57@yahoo.com,What's the best maintenance plan for my car?
Kim Green,7697662318,andersoncarrie@hotmail.com,Looking for the best lease deals on a car.
Jennifer Johnson,001-031-316-7176,cherryaaron@graham-roberts.info,I'm interested in buying a new motorcycle.
Ricardo Costa,001-877-221-8456x9353,brandon94@yahoo.com,What's the best maintenance plan for my car?
Rebecca Davila,+1-122-206-2917,lisa26@hernandez.biz,Do you offer insurance for a motorcycle?
Dr. Joseph Middleton IV,478-906-2718,pcalderon@gmail.com,Can I trade in my old truck for a new one?
Michael Flynn,216.394.4544,william05@hotmail.com,Do you offer warranties for a pickup truck?
Brittany Spencer,396-572-3328,michael44@hotmail.com,Do you offer warranties for a truck?
Sonya Copeland,001-803-979-9617,wallmitchell@scott.biz,Need a quote for repairing my electric vehicle.
Heather Adams,(429)227-6258x177,wferguson@simmons.com,Looking for a loan option for my pickup truck.
Tonya Adams,999.589.2712x529,reedrobert@brown.com,Looking for the best lease deals on a RV.
Joshua Johnson,+1-001-691-1219,davisdavid@greer-dillon.com,Looking for the best lease deals on a truck.
Matthew Williams,496.391.8684x76796,williamkelly@gmail.com,Do you offer insurance for a car?
Kayla Bennett,+1-039-868-1626x749,kelly78@davis.biz,Looking for the best fuel-efficient motorcycle.
Ashley Morris,5330992002,jeanette95@yahoo.com,Can I trade in my old car for a new one?
Cynthia Wilson DVM,1069807667,reynoldstodd@hotmail.com,Interested in test-driving the latest RV.
Elizabeth Jackson,+1-110-586-1490x430,ocox@gmail.com,Looking for the best lease deals on a SUV.
Mrs. Christina Zamora,001-327-008-7708x78998,danielmcdonald@gmail.com,Looking for the best fuel-efficient motorcycle.
Alexis Gardner,001-280-449-5242x82661,christina01@juarez.org,Interested in test-driving the latest SUV.
Holly Short,277.902.1429x18248,susanhowell@hotmail.com,Can I trade in my old motorcycle for a new one?
Brian Clark,001-963-102-6304,michael22@yahoo.com,Do you offer insurance for a van?
Kristina Spears,(015)123-9884x09562,bishopdonald@jones.com,Looking for a loan option for my RV.
Mary Moore,2513970791,jasoncampbell@johnson.com,Looking for the best lease deals on a van.
Vanessa May,(818)077-4797,curtis72@gmail.com,Looking for a loan option for my car.
Susan Schultz,5921458785,sullivandustin@reid.com,Need a quote for repairing my SUV.
Mr. Seth Cox,+1-696-209-7709x296,smithmichelle@brown.org,Can I trade in my old van for a new one?
Mary Davenport,797-827-4644x743,barbaralee@goodman-vasquez.com,Do you offer insurance for a RV?
Peter Collins,+1-273-922-4463x41998,garrettrodney@gmail.com,Can I trade in my old truck for a new one?
Tanya Hunt,(221)098-4153x521,david87@gmail.com,I'm interested in buying a new van.
Margaret Castro,(095)389-0887,hubbardpatricia@gmail.com,Looking for a loan option for my SUV.
Michele Freeman,575-002-8742,evansnicholas@gmail.com,Need a quote for repairing my motorcycle.
William Figueroa,420.086.3094x6904,johnsonbrett@gmail.com,What's the best maintenance plan for my RV?
Nicole Daniels,471-520-6744,michaelramirez@yahoo.com,Do you offer warranties for a SUV?
Richard Watts,+1-759-829-3372x6182,carly01@mccoy.com,Looking for a loan option for my electric vehicle.
Jamie Johnson,001-939-118-1268x949,martinholmes@aguirre.com,What's the best maintenance plan for my motorcycle?
Sandra White,957.533.8701x5639,igreen@adams.org,Do you offer insurance for a electric vehicle?
Benjamin Anderson,(879)947-3122x44217,jeffrey13@rodriguez.com,What's the best maintenance plan for my SUV?
Albert Pollard,001-757-326-2193,jessica72@hotmail.com,Looking for the best fuel-efficient electric vehicle.
Stephen Davis,732.019.6969x13398,kimrivera@gmail.com,Do you offer warranties for a car?
Nicholas Wong,724-363-5390x63889,starkmelissa@hotmail.com,I'm interested in buying a new car.
Douglas Lutz,832-772-8214x85682,hubbardnicholas@yahoo.com,Looking for the best fuel-efficient motorcycle.
Samantha Harper,001-722-296-7959x363,yolanda71@gmail.com,Interested in test-driving the latest pickup truck.
Michelle Sullivan,(455)697-9527x045,carlsonelizabeth@hobbs-contreras.com,Do you offer insurance for a electric vehicle?
Patty Walton,(832)545-9479x41553,ronald22@steele.org,What's the best maintenance plan for my electric vehicle?
Christopher Anderson,653.405.1286,martinezpaul@hotmail.com,I'm interested in buying a new RV.
Scott Bass,001-418-323-3236x242,dandrade@curtis.com,Looking for the best lease deals on a electric vehicle.
Robin Taylor,001-075-777-0902x6743,amy10@hotmail.com,Need a quote for repairing my truck.
Stephanie Smith,(342)914-2363x886,hollandsarah@yahoo.com,Do you offer warranties for a electric vehicle?
David Morales,+1-014-199-9547x5252,millermichael@gmail.com,What's the best maintenance plan for my van?
Antonio Davies,+1-120-885-1444x5085,pchavez@mata-callahan.org,Interested in test-driving the latest electric vehicle.
Daniel Hale,(201)690-5200x658,hgomez@hotmail.com,Do you offer warranties for a truck?
Chad Morrison,668-056-6219x956,phillipsnicholas@carter.com,Can I trade in my old RV for a new one?
Carolyn Castillo,+1-669-580-6813x058,brian96@hudson.com,Do you offer insurance for a car?
John Griffin,5452459085,qdiaz@miller.com,I'm interested in buying a new pickup truck.
Joshua Jones,843-909-6415,mcdaniellisa@williams.org,Do you offer warranties for a electric vehicle?
Damon Simon,124-631-2674,rochaalicia@moon.com,Need a quote for repairing my car.
Megan Meyer,536-329-5836,watsonmichaela@yahoo.com,Need a quote for repairing my RV.
Mark Byrd,+1-001-491-5507x8260,williamsmary@williams-stewart.com,Do you offer insurance for a RV?
Jessica Ponce,001-356-375-6187x176,andrew96@hotmail.com,Interested in test-driving the latest SUV.
Paula Franklin,3845635396,stevenpeters@fleming-pierce.net,Looking for a loan option for my electric vehicle.
Colleen Walton,589-016-0519x2188,thomas72@johnson.org,I'm interested in buying a new RV.
Steven Davenport,666-143-3921x9011,jdoyle@davila-king.com,Do you offer insurance for a car?
Jennifer Elliott,307-048-3756,lweber@hotmail.com,Need a quote for repairing my truck.
Nicole Douglas,238.212.2530,lucascaleb@west-hickman.net,What's the best maintenance plan for my pickup truck?
Caleb Baker,(674)671-8012,anthonycollier@hotmail.com,What's the best maintenance plan for my SUV?
Isaiah Watson,(119)986-1068x267,boylematthew@rodriguez.com,I'm interested in buying a new truck.
Kimberly Hill,(763)993-7994x6296,lrichards@allen-dalton.com,Interested in test-driving the latest pickup truck.
Michael Cooper,2365325040,lestercindy@leach-thompson.com,Looking for the best fuel-efficient van.
Robert Wright,422.525.6382x5506,jessica81@yahoo.com,Looking for the best lease deals on a electric vehicle.
Julie Griffith,2552757841,crystal56@austin.com,Need a quote for repairing my truck.
Lindsey Mcintyre,001-206-351-6104x24149,tranalyssa@yahoo.com,Need a quote for repairing my van.
Cesar Gray,001-737-236-4552x260,michael76@chambers.info,What's the best maintenance plan for my electric vehicle?
James Strickland,116-068-4258,wongjessica@dougherty.com,Need a quote for repairing my RV.
Scott Smith,+1-191-222-1480x494,ywilson@rodriguez.org,I'm interested in buying a new car.
Audrey Salazar,001-033-404-3964x97181,cgoodwin@hill.com,Can I trade in my old SUV for a new one?
Daniel Monroe,(864)096-4962,kathleen46@gregory-schultz.org,Do you offer warranties for a pickup truck?
Catherine Ortiz,944-877-1057x732,hallbrent@velazquez.com,Looking for the best fuel-efficient SUV.
Sean Mcfarland,500.141.3994x31126,janetwilliamson@yahoo.com,Do you offer insurance for a SUV?
Jeffrey Welch,001-988-860-7857x6483,ywells@andrews.com,What's the best maintenance plan for my SUV?
Tony Henry,(754)520-5995x74137,ruth22@murphy.com,Looking for a loan option for my van.
Tara Rogers,001-895-554-4931x96964,njames@yahoo.com,I'm interested in buying a new truck.
Hannah Skinner,522-812-8367x9882,usmith@decker.com,Looking for a loan option for my truck.
James Peterson,471.147.8780,igamble@yahoo.com,Looking for the best fuel-efficient motorcycle.
Mr. Jerry Allen,469.065.9314x3011,aaronmartin@jones.com,Need a quote for repairing my RV.
Robert Colon,643.762.5508x533,williamjones@pratt.com,Looking for a loan option for my motorcycle.
David Brooks,657.425.4738x83098,clarkchris@gmail.com,Interested in test-driving the latest electric vehicle.
Anthony Perry,744.239.2428,hayleytaylor@gmail.com,Interested in test-driving the latest car.
Donald Gill,098-860-7414,abutler@jimenez-hall.com,Interested in test-driving the latest RV.
Stephen Robinson,+1-050-865-3917x699,markmitchell@stout.com,Looking for the best lease deals on a truck.
Stephanie Sandoval,+1-762-726-6657x0529,schaeferrichard@palmer-chavez.com,Interested in test-driving the latest pickup truck.
Jennifer Reed,461.351.5550x0009,xwest@gmail.com,Looking for the best lease deals on a van.
Heather Richardson,838.317.3321x839,jbutler@gmail.com,Interested in test-driving the latest truck.
Amy Griffin,343.624.7010,anthonythompson@harris-hansen.org,I'm interested in buying a new car.
Donna Wong,(335)574-4273,ufranklin@lewis-smith.com,Looking for the best lease deals on a motorcycle.
Richard Hoffman,+1-359-952-5583x2072,michaelyoung@gmail.com,Looking for the best lease deals on a RV.
Joshua Sharp,001-632-448-0549x663,gerald95@montoya.biz,Do you offer warranties for a car?
Philip Gentry,0373005698,jennifer17@yahoo.com,Need a quote for repairing my motorcycle.
Mr. Kerry Montgomery IV,(681)304-1888x3463,bsolomon@gmail.com,Looking for the best lease deals on a van.
Debbie Rivera,773-787-2214,haleyjimenez@bryan.com,Looking for a loan option for my pickup truck.
Patricia Williams,886-719-0809x8562,tommypetty@clark-shah.com,Interested in test-driving the latest van.
Michelle Cook,549-422-2419,jhickman@yahoo.com,I'm interested in buying a new van.
Alec Hicks,+1-156-143-4878x28180,mary19@guzman.biz,Do you offer warranties for a van?
Patricia Hensley,471-766-3287x770,gonzalezjonathan@quinn-castillo.org,Looking for the best lease deals on a SUV.
Kelli Mills,001-855-406-1331,cassandrarussell@hernandez-brown.com,Need a quote for repairing my SUV.
Samantha Wood,385.761.9244x2436,kperkins@thomas.com,Interested in test-driving the latest electric vehicle.
Sarah Carlson,195-775-7292,kwalker@yahoo.com,Do you offer warranties for a car?
Rodney Stone,034.821.4260x511,robertcole@moreno-jackson.net,Interested in test-driving the latest electric vehicle.
Benjamin James,7543923948,justinrodriguez@mason-rodriguez.info,Looking for a loan option for my RV.
Jason Campbell,001-649-771-3295x503,melinda91@gmail.com,Looking for the best lease deals on a van.
Suzanne Wilson,+1-509-707-1323x6012,paul68@sanders.com,Need a quote for repairing my pickup truck.
Patrick Lynch,6008616572,douglas74@yahoo.com,Looking for the best lease deals on a motorcycle.
Teresa Russell,861.753.1665,johnsonjodi@gonzalez.biz,Looking for the best fuel-efficient RV.
Charles Kennedy PhD,(461)744-3624x269,julia26@gallagher.net,Looking for the best fuel-efficient van.
Daniel Morrow,439-843-4738,brittanybarker@gmail.com,Can I trade in my old electric vehicle for a new one?
Patrick Williams,001-445-974-7077x684,marythompson@hotmail.com,Can I trade in my old motorcycle for a new one?
Michael Atkins,8183693476,hmiller@mccann.info,What's the best maintenance plan for my car?
Jeremy Johnson,247-139-0972x557,stoneshannon@gates.com,Looking for a loan option for my electric vehicle.
Alyssa Baker,278-954-9972x882,wrightheather@gmail.com,Looking for the best fuel-efficient RV.
Jeanne Richards,845-401-0703,barrykelly@yahoo.com,Interested in test-driving the latest car.
Ryan Ellis,(974)087-1094x6610,jenniferharrington@hotmail.com,What's the best maintenance plan for my electric vehicle?
Desiree Everett,135.687.4755,smithricky@anderson.com,Looking for a loan option for my motorcycle.
Shelby Bush,001-295-295-4887x120,christine88@yahoo.com,Looking for a loan option for my car.
Tara Woods,445.236.7489x7680,kendra71@smith-martin.com,I'm interested in buying a new truck.
David Alvarez,(108)887-8357x422,tking@hotmail.com,I'm interested in buying a new van.
Maria Banks,001-952-318-6139x233,padams@hill.info,Do you offer insurance for a truck?
Katie Peterson,216-837-6843,heidizhang@hotmail.com,Do you offer insurance for a electric vehicle?
Sara Pratt,(925)592-8866x68450,kristin13@yahoo.com,Looking for the best fuel-efficient car.
Walter Gomez,+1-300-155-1128x6809,lindsayward@gmail.com,What's the best maintenance plan for my van?
Kristina Beltran,+1-582-607-4998x02454,markgraham@yahoo.com,Looking for a loan option for my car.
Kevin Smith,+1-189-559-4302,paulharrison@padilla-norris.info,Do you offer insurance for a RV?
Roy Jones,5724746795,richard70@hotmail.com,Looking for a loan option for my van.
Allison Simpson,7211028334,edwinfoster@hotmail.com,Looking for the best fuel-efficient van.
Craig Collins,+1-403-610-0659x95115,andrewflores@alvarez-murphy.com,Do you offer insurance for a van?
Craig Ortiz,(966)473-2903x187,floyddanielle@hotmail.com,Can I trade in my old van for a new one?
Raymond Robinson,+1-367-442-2332,janelove@gmail.com,Can I trade in my old van for a new one?
Julie Todd,8074849313,simmonsadriana@gmail.com,Looking for the best fuel-efficient RV.
William Watts,679-931-2250x7523,kevin26@gmail.com,Looking for the best fuel-efficient motorcycle.
Anita Ray,+1-910-233-9769x30445,whernandez@gmail.com,Interested in test-driving the latest RV.
Christine Buck,001-689-025-0567x97909,douglas54@yahoo.com,Looking for the best fuel-efficient truck.
Michael Owens,169-781-7178x55055,brendamoon@gmail.com,Can I trade in my old motorcycle for a new one?
Elizabeth Newton,917-943-4223,rharrison@hotmail.com,Looking for the best lease deals on a SUV.
Jordan Webb,283-959-9587x5346,robertssteven@bush.info,Looking for the best lease deals on a van.
Raymond Adams,6727395485,matthew01@wells.biz,Do you offer warranties for a car?
Troy Edwards,(941)122-9267,sherrymurphy@fernandez.info,Do you offer warranties for a RV?
Christopher Tucker,+1-172-609-3036,allisonacosta@white.com,Looking for the best lease deals on a electric vehicle.
Richard Smith MD,612.024.9126x20570,jennifer56@hotmail.com,Do you offer warranties for a pickup truck?
Brian Lee,001-253-424-4626x6295,romerosheri@yahoo.com,Looking for a loan option for my pickup truck.
Rhonda Trevino,(824)772-1711,fieldskara@hotmail.com,I'm interested in buying a new motorcycle.
Lisa Ingram,2726778013,curtisbrittany@hotmail.com,I'm interested in buying a new van.
Christopher Smith,001-624-511-0927x0801,rbrooks@thompson-collins.com,Do you offer warranties for a car?
Jason Rocha,(397)171-9282x72822,dawncook@moore-lopez.biz,Can I trade in my old truck for a new one?
Alexandria Mcdonald,259.169.3297x580,ftran@gmail.com,Interested in test-driving the latest electric vehicle.
Dillon Berry,(797)084-1495x66813,ggibbs@yahoo.com,Looking for the best lease deals on a motorcycle.
Dustin Medina,(100)199-0749,smithwilliam@bailey.com,Need a quote for repairing my RV.
April Robinson,+1-166-621-8921x6089,nperry@martinez.com,Looking for the best fuel-efficient SUV.
Matthew Garcia,001-952-619-5154,brownheather@hotmail.com,Looking for the best fuel-efficient electric vehicle.
Peter Goodman,(553)471-7434,andrewmendez@yahoo.com,I'm interested in buying a new truck.
Dr. Kelly Walker,204.770.4745x19602,hernandezbrandon@sharp-pratt.biz,Looking for the best lease deals on a RV.
Henry Barry,+1-616-013-5268,zwilliamson@hotmail.com,Can I trade in my old RV for a new one?
Sabrina Perkins,225-572-1129,kdaniels@gmail.com,Looking for the best lease deals on a electric vehicle.
Matthew Smith,652-007-7977,quinnwilliam@lee.com,Looking for a loan option for my RV.
Kerri Glass,001-866-357-5608,scottking@leblanc.com,Looking for the best lease deals on a SUV.
Pamela Peterson,229-207-0443,briannarowe@diaz.com,Do you offer warranties for a car?
Timothy Johnson,1924946511,kalvarez@gmail.com,Looking for the best lease deals on a electric vehicle.
Nicole Cook,(076)715-5557x5072,karen36@yahoo.com,Do you offer warranties for a pickup truck?
Tiffany Shepherd,(898)427-3872x62248,parkerisaac@gutierrez-mcclain.com,Interested in test-driving the latest car.
Natasha Flynn,257-586-8193x0141,andreaaustin@maxwell-rodriguez.com,Looking for the best fuel-efficient pickup truck.
Donna Brooks,+1-556-724-2507,fordricardo@gmail.com,Do you offer insurance for a car?
Henry Hurley,9759050498,aprilrodriguez@yahoo.com,What's the best maintenance plan for my SUV?
Eric Duran,460-741-8548,joseph16@gmail.com,Looking for a loan option for my SUV.
Jonathan Smith,067.416.9229x915,davidfranklin@gmail.com,Do you offer insurance for a van?
David Davis,8022841041,lopezmaria@hotmail.com,Do you offer insurance for a pickup truck?
Cynthia Harris,001-619-625-1489x65655,sarahfranklin@dominguez-vasquez.net,Interested in test-driving the latest car.
Jonathan Soto,+1-218-242-0064,tristan12@wade.net,Can I trade in my old SUV for a new one?
Christopher Kennedy,(217)564-7865,hartjacob@owens-williams.biz,Do you offer warranties for a truck?
Todd Carlson,995-358-6805x866,parsonsmicheal@lewis-martinez.com,Interested in test-driving the latest van.
Lisa Rush,001-581-543-7604,jeancooper@brown-ruiz.com,Do you offer warranties for a pickup truck?
Brandon Murphy,(180)531-9307x3455,greendaniel@yahoo.com,I'm interested in buying a new RV.
Cory Nash,+1-072-799-5233,nashandrew@rojas-griffin.net,Looking for a loan option for my SUV.
Benjamin Norton,425.013.5084,maria03@gmail.com,Need a quote for repairing my electric vehicle.
Richard Humphrey,198.219.2680x490,adrienne39@brown.com,Looking for the best fuel-efficient truck.
Cameron Wade,(136)453-3328,brennanlisa@tran.com,I'm interested in buying a new electric vehicle.
Julie Page,(171)259-9565,williamthomas@hotmail.com,Need a quote for repairing my car.
Cameron Martinez,316-952-4094,veronicastevens@hotmail.com,Can I trade in my old car for a new one?
William Smith,157-151-1436x098,jill10@gonzalez.com,Interested in test-driving the latest van.
Alexis Mitchell,571.081.1974,istein@lopez.com,Do you offer warranties for a pickup truck?
Joshua Thompson,(366)779-7656x75175,jayvazquez@thompson-garcia.net,Interested in test-driving the latest car.
Anthony Diaz,081-387-5888x64185,jose19@brooks.com,Can I trade in my old RV for a new one?
Amber Lawrence,286-863-2604,wilkinsonwilliam@gmail.com,I'm interested in buying a new pickup truck.
Elizabeth Frank,001-185-279-6826x58104,sarahstanley@becker.biz,What's the best maintenance plan for my SUV?
Grace Carrillo,064.161.9007,garywyatt@wood.com,I'm interested in buying a new RV.
Terry Turner,2847351653,kramerandrea@hotmail.com,I'm interested in buying a new van.
Jennifer Holloway,001-062-813-0908x93375,mhorn@miles-greene.com,Do you offer insurance for a RV?
Ms. Susan Taylor DVM,+1-395-439-9978x75522,sampsondaniel@welch.com,Looking for the best fuel-efficient SUV.
Tina Hines,(961)380-4933x74122,kwyatt@price-norton.com,Do you offer warranties for a electric vehicle?
Melissa Russell,(071)921-6236,crystallowe@hotmail.com,What's the best maintenance plan for my van?
Elizabeth Cobb DVM,474.501.9233,gilbert86@cabrera-davis.com,What's the best maintenance plan for my motorcycle?
Joseph Foster,001-094-168-8693,michael03@kirk-hartman.com,Looking for the best lease deals on a motorcycle.
Alison Kelly,694.201.1025,melaniemahoney@price.com,Can I trade in my old pickup truck for a new one?
Richard Ramirez,5468416910,pottsapril@gmail.com,Can I trade in my old electric vehicle for a new one?
Meredith Mcintyre,001-145-487-0568x83244,fordjacqueline@stephens.com,Do you offer insurance for a truck?
Valerie Donovan,001-797-476-4461x43815,sandra17@gmail.com,Do you offer warranties for a motorcycle?
Jennifer Stevens,+1-358-507-5077x5319,monicawatson@coleman-kim.biz,I'm interested in buying a new electric vehicle.
Ivan Sanders,+1-459-234-4492x2821,christopher80@cortez.com,Need a quote for repairing my RV.
Clifford Garrett,(130)013-4052x189,markwheeler@gmail.com,Can I trade in my old truck for a new one?
Morgan Hess,+1-140-578-6349x422,msnow@moore.com,Interested in test-driving the latest electric vehicle.
Maria Andrews,863-854-2521,zromero@mercado.com,What's the best maintenance plan for my RV?
Benjamin Johnson,001-473-061-6260x2504,ejohnson@yahoo.com,Interested in test-driving the latest motorcycle.
Justin Jackson,303.076.8991x969,john18@hotmail.com,Interested in test-driving the latest RV.
Timothy Cox,(285)649-3093,andersonmark@garcia.com,Interested in test-driving the latest pickup truck.
Douglas Sanchez,001-947-079-6740x28598,qmartinez@clayton-ball.com,Need a quote for repairing my truck.
Peggy Smith,+1-105-814-9968x37242,sandra80@gmail.com,Looking for the best lease deals on a SUV.
Brady Dodson,220.582.8311,vflynn@hotmail.com,I'm interested in buying a new electric vehicle.
Rebecca Taylor,(449)322-6031x56421,daviskatie@floyd.com,Do you offer insurance for a motorcycle?
James French,250-871-3419x9608,rstevens@rodriguez.com,Looking for the best lease deals on a van.
Heather Fisher,021-226-0063x66373,hallandrew@hamilton.org,Need a quote for repairing my van.
Julie Adams,9869568278,caleb06@long.net,Interested in test-driving the latest electric vehicle.
Frederick Lopez,001-504-400-3232,michaelparker@klein.org,Interested in test-driving the latest RV.
Adam Whitehead,064.952.4360,woodrebecca@compton-guzman.info,Need a quote for repairing my van.
Steven Clayton,444.313.1845x33458,allisonpadilla@yahoo.com,Looking for the best fuel-efficient car.
Paul Allen,0571879909,johnsonjennifer@collier-huynh.com,Do you offer insurance for a van?
William Reyes,754-277-9535x671,sararoberts@yahoo.com,What's the best maintenance plan for my truck?
Gary Medina,976-420-5966,walkerlindsey@yahoo.com,Looking for a loan option for my motorcycle.
Eric Cole,(738)605-4014x088,changallison@hotmail.com,Looking for the best fuel-efficient SUV.
Nicholas Acosta,(302)334-5134x8050,bensonshannon@gmail.com,Do you offer warranties for a motorcycle?
Erik Martin,084-062-5388,rmartinez@larson.com,Looking for the best lease deals on a pickup truck.
Erica Anderson,+1-771-141-4782,jrios@gmail.com,Interested in test-driving the latest SUV.
Angela Jones,839.386.3955,alvarezjose@gomez.com,Looking for the best lease deals on a van.
Gerald Rowe,984-573-1214x49426,michael44@yahoo.com,Looking for the best fuel-efficient van.
Catherine Flores,605-804-4757x669,stewartmichelle@yahoo.com,Do you offer insurance for a SUV?
Jennifer Allen,001-608-122-8766,zreyes@johnson.biz,Need a quote for repairing my motorcycle.
Emily Peters,742.945.4864x43464,tracyleonard@howell-terry.com,Do you offer insurance for a van?
Jennifer Hughes,(701)033-3532,jillgonzalez@smith.com,Do you offer warranties for a electric vehicle?
Stacy Holt,7970624003,millerkristina@adams-reed.net,Do you offer insurance for a RV?
Dr. Travis Davis Jr.,178-309-2380x2395,philipsmith@hotmail.com,Do you offer insurance for a pickup truck?
Marisa Bradshaw,001-303-816-2447x2043,wclark@cortez.com,Looking for a loan option for my van.
Jay Heath,649.738.3631x862,scottwilliams@davis.com,What's the best maintenance plan for my pickup truck?
James Small,+1-416-373-0794,johndeleon@jacobson.com,Interested in test-driving the latest RV.
Katherine Tucker,0267154411,theresahopkins@smith-buchanan.com,Do you offer warranties for a electric vehicle?
Brian Steele,289-786-7801x56610,enewman@gmail.com,What's the best maintenance plan for my RV?
Gregory Chen,(594)991-5308x9617,woodsjason@hotmail.com,Do you offer warranties for a motorcycle?
Jason Escobar,(727)377-4650x8663,bmurphy@gmail.com,Interested in test-driving the latest motorcycle.
Marie Meyer,555.412.3295,sgould@fisher-jackson.com,Do you offer warranties for a motorcycle?
Megan Ramirez,1776805037,swilliams@gmail.com,I'm interested in buying a new van.
Peter Hoffman,001-224-337-9266x396,dillonkatherine@campbell-hubbard.com,Looking for a loan option for my RV.
Craig Hernandez,776.475.8516x743,jeff47@hotmail.com,What's the best maintenance plan for my motorcycle?
Barbara Rosales,001-266-706-9391x2049,ewest@yahoo.com,Do you offer warranties for a electric vehicle?
Angel Walker,001-780-700-4525x6623,emckenzie@gmail.com,Need a quote for repairing my RV.
David Cook,+1-283-884-8230,smithmaria@martin.com,Need a quote for repairing my van.
Tracy Martin,+1-799-459-6536,rebeccamadden@benson.info,Need a quote for repairing my van.
Eric Shepard,361.708.0210x531,ashley64@nguyen.com,Looking for a loan option for my car.
Samuel Powell MD,504-340-4806x92634,watsonricky@williams-lopez.com,Interested in test-driving the latest electric vehicle.
Brian Adams,001-957-554-1956x068,bbradford@gmail.com,Can I trade in my old car for a new one?
Cheryl Byrd,001-222-297-9524x6720,donnasullivan@aguilar.net,Can I trade in my old RV for a new one?
David Elliott,001-572-125-2332x3505,anthony59@grant.com,Looking for a loan option for my SUV.
Julie Fletcher,+1-170-981-0374,xgrant@hotmail.com,What's the best maintenance plan for my motorcycle?
Shannon Hernandez,691.426.7513,jonathan63@hotmail.com,Do you offer warranties for a electric vehicle?
Mr. Robert Davis,423.981.0041,ihodge@yahoo.com,Can I trade in my old pickup truck for a new one?
Julia Mccarthy,+1-653-986-9824,hansenstacy@yahoo.com,I'm interested in buying a new car.
Daniel Wilson,105-311-9345x517,jason20@green-foster.org,I'm interested in buying a new SUV.
Christopher Hill,(253)993-8938,denniswilliams@rodriguez.com,What's the best maintenance plan for my electric vehicle?
Pamela Delgado,942.222.2069,deniseholder@yahoo.com,I'm interested in buying a new car.
Jeff Patton,(114)022-8668x94383,murphybrian@gonzales-lambert.net,Looking for a loan option for my car.
Amanda Jennings,938.168.3587x8396,rachael31@anderson.com,Interested in test-driving the latest car.
Aaron Anderson,001-884-400-5528x89464,obishop@diaz.org,I'm interested in buying a new SUV.
Gail Montes,949.398.3382x00501,lauralang@adkins-fields.com,What's the best maintenance plan for my pickup truck?
Stacey Stewart,1312120909,kbrewer@hotmail.com,Looking for the best fuel-efficient van.
Timothy Hernandez,576-453-3811,laurabass@gmail.com,What's the best maintenance plan for my truck?
Mary Thomas,001-844-986-1293x276,skirby@gmail.com,Do you offer insurance for a RV?
Brian Francis,480-016-5409x53450,donald76@gmail.com,Interested in test-driving the latest electric vehicle.
Briana Nichols,099-322-0053x5912,robertsdavid@yahoo.com,Looking for the best fuel-efficient motorcycle.
Ricardo Fitzgerald,001-138-349-3393x90054,gkelly@gmail.com,Do you offer warranties for a van?
Aaron Perez,901.794.9189x682,evanjackson@hudson-smith.com,Looking for the best lease deals on a pickup truck.
Pamela Cruz,+1-302-955-5538x0072,jodi64@hill.com,What's the best maintenance plan for my car?
Linda Pope,099-548-3945,deanreyes@martinez.info,Looking for a loan option for my motorcycle.
Sandra Gonzalez,182.530.2716x7000,petersonsteven@yahoo.com,Do you offer insurance for a van?
Danielle Hayes,001-584-723-8582x58697,palexander@little.org,Looking for a loan option for my RV.
Amber Clark,+1-158-764-9848x122,mooremichael@hotmail.com,Looking for a loan option for my SUV.
Jennifer Chavez,(037)667-7127x409,johnlee@everett-davidson.net,Looking for a loan option for my truck.
Karen Beltran,001-964-960-3111,mcbridelinda@wheeler.net,Can I trade in my old electric vehicle for a new one?
Sarah Bell,(020)829-7518,novaksamantha@yahoo.com,Do you offer warranties for a truck?
Christopher Allen,366.213.8122,rosslaura@summers-spence.com,Looking for the best lease deals on a RV.
Natalie Scott,+1-539-666-8373x482,betty30@phillips.info,I'm interested in buying a new truck.
Mark Phillips,921.655.8739x59527,bakerkim@hotmail.com,Interested in test-driving the latest motorcycle.
Krystal Thompson,091-209-9007,esparzajohn@gmail.com,Need a quote for repairing my truck.
Gregory Vaughn,255-850-9279x5290,bruce81@hotmail.com,I'm interested in buying a new RV.
Bobby Moreno,784.664.2683,fschneider@gmail.com,Looking for the best fuel-efficient motorcycle.
Aaron Hall,090-842-2097x614,anthonybarber@clay.com,Need a quote for repairing my car.
Kimberly Walters,(886)806-6178,teresasims@terrell-kelly.info,What's the best maintenance plan for my SUV?
Amanda Acosta,585.180.1850,julie43@moss-oliver.com,Looking for a loan option for my truck.
Eileen Payne,001-797-150-0973x952,carlosstevens@riley.com,Need a quote for repairing my car.
Kaitlyn Smith,154-496-1107x35142,wrightashley@hotmail.com,Interested in test-driving the latest pickup truck.
Amanda Smith,(887)971-9304,dward@hotmail.com,Need a quote for repairing my RV.
Joshua Smith,613.524.3451,dustinpadilla@barnett-smith.biz,Need a quote for repairing my SUV.
Kevin Williams,(262)017-3668x1147,victorrodriguez@hawkins.com,Interested in test-driving the latest truck.
Richard Miller,583-453-6936x0738,ewest@hotmail.com,Looking for the best fuel-efficient RV.
Timothy Cochran,(995)444-7248,brooksstacy@yahoo.com,Looking for the best fuel-efficient electric vehicle.
Bryan Mills,+1-270-938-6775x7694,vyoung@gmail.com,Do you offer insurance for a RV?
Patricia Barron,842.510.3089,millertonya@sharp-padilla.com,Need a quote for repairing my RV.
Cody Haynes,+1-483-733-0811,michelle59@harris.com,What's the best maintenance plan for my RV?
Darren Burton,4091861074,christinerobinson@diaz-gray.com,Looking for the best lease deals on a pickup truck.
Terry Hart,350-571-4265x0177,justinjackson@lamb-johnson.biz,Can I trade in my old van for a new one?
David Rogers,1774066191,belllaura@reed.info,I'm interested in buying a new SUV.
Shawn Hall,(974)104-3263x058,kfranco@sharp.com,Can I trade in my old pickup truck for a new one?
Hannah Nelson,888.365.9460,williamstara@hotmail.com,What's the best maintenance plan for my truck?
Jennifer Bell,+1-502-665-3542x70278,kevin73@marshall.com,What's the best maintenance plan for my SUV?
Dr. James Chandler,137-426-9760,jonesjoseph@johnson-taylor.com,Looking for the best lease deals on a truck.
Roger Drake,575-881-7785x0155,barrettnicole@yahoo.com,Do you offer insurance for a car?
Alexis Le,803.701.9110,jasminesmith@gmail.com,What's the best maintenance plan for my car?
Robert Schneider,015-345-6937,terri18@yahoo.com,Do you offer insurance for a motorcycle?
Jennifer Simon,755-624-4938x12653,rachel43@garza.com,Do you offer insurance for a motorcycle?
Lisa Hall,(632)272-9841,andreasmith@gmail.com,Need a quote for repairing my truck.
Erin Ellison,879.919.8334,amanda58@french.com,Do you offer insurance for a SUV?
Steven Chavez,780-643-4262,xevans@yahoo.com,What's the best maintenance plan for my SUV?
James Evans,973-333-2744x05140,gayala@welch-lee.com,Looking for the best lease deals on a SUV.
Aaron Stone,+1-950-948-1691,robertmartinez@hotmail.com,Interested in test-driving the latest van.
Andrea Anderson,(627)387-5418,chris30@stevens-melendez.com,Interested in test-driving the latest RV.
Janet Watson,6442746257,thomaswatkins@yahoo.com,Looking for the best lease deals on a electric vehicle.
Amanda Kelley,653.004.8852x61992,samuel95@spence.info,Can I trade in my old electric vehicle for a new one?
Michael Macdonald,483.694.5223,lisa54@yahoo.com,I'm interested in buying a new car.
Deborah Buckley,708-593-6462,john01@yahoo.com,Can I trade in my old RV for a new one?
Chase Anderson,001-774-791-5610,kenneth04@macias.com,I'm interested in buying a new van.
Andrew Ingram,7384265961,marcus27@gonzalez.com,Do you offer insurance for a pickup truck?
Anna Lambert,+1-695-352-9367,hhobbs@gmail.com,Can I trade in my old car for a new one?
Michael Jones,259.409.5277x7727,hlawrence@beard-smith.biz,Looking for the best lease deals on a RV.
Laura Johnson,+1-352-472-2456,kathryn61@hotmail.com,Do you offer warranties for a RV?
Ashley Miller,382.226.2432x14642,sierra12@hotmail.com,Can I trade in my old van for a new one?
Dean Avila,267-292-7380x29516,hughessteve@yahoo.com,Can I trade in my old electric vehicle for a new one?
Kelly Ross,(155)904-9726x0909,katkinson@gmail.com,Need a quote for repairing my motorcycle.
Charles Higgins,(548)811-1664x72895,kathleenglass@cruz-hawkins.com,What's the best maintenance plan for my truck?
Dana Chang,(839)527-1390,palexander@yahoo.com,Do you offer insurance for a electric vehicle?
Angela Garcia,3641918958,rarias@gmail.com,I'm interested in buying a new electric vehicle.
William Kelly,(774)313-8725x37696,jschultz@franklin.com,What's the best maintenance plan for my SUV?
Reginald Hughes,(763)876-5820x6459,itaylor@yahoo.com,Do you offer insurance for a RV?
Charles Bailey,398.179.9740x12226,bgriffith@hotmail.com,Need a quote for repairing my SUV.
Scott Taylor,977-733-7590,sturner@alexander-cook.com,What's the best maintenance plan for my van?
Jose Velasquez,5604861550,thomasmary@yahoo.com,Do you offer insurance for a motorcycle?
Heather Garcia,(641)481-0726x115,ronaldpatel@yahoo.com,Do you offer warranties for a car?
Amanda Baker,295-169-5220,bbates@yahoo.com,Need a quote for repairing my van.
Sara Moss,802-332-5877,mcclaintammy@rogers-harvey.com,I'm interested in buying a new RV.
Mark Williams,963.842.5418,daniel79@yahoo.com,Do you offer warranties for a motorcycle?
Joel Murray,001-607-553-5914x905,michael36@gmail.com,What's the best maintenance plan for my van?
Kristen Jennings,139.595.3503,butlerjulie@simmons.biz,Can I trade in my old truck for a new one?
Hector Soto,605-276-0849x89954,umendez@hotmail.com,I'm interested in buying a new SUV.
Kimberly Brown,841-720-7902,christopher83@carson-medina.net,Do you offer warranties for a motorcycle?
Richard Scott,6951001226,randall10@allen-elliott.biz,Looking for a loan option for my RV.
Carla Stewart,597-132-8281x39836,jerry13@hernandez-garner.com,What's the best maintenance plan for my car?
Angela Robinson,3123021140,ehamilton@rogers.biz,Can I trade in my old van for a new one?
Ruth Fisher,001-989-557-9536x66894,valvarado@yahoo.com,Looking for the best lease deals on a motorcycle.
Daniel Scott,549.794.9703,hmorris@hotmail.com,Do you offer warranties for a van?
Kimberly Clark,978-172-5383x0316,kevin78@lewis-mckee.org,I'm interested in buying a new SUV.
Michael Caldwell,187.650.3730x788,april60@robertson.com,What's the best maintenance plan for my electric vehicle?
Kristine Smith,001-633-291-3684x53426,karen85@yahoo.com,Can I trade in my old car for a new one?
Joe Harris,018-290-4758x7401,larsonjoseph@butler.net,Do you offer warranties for a RV?
David Black,792.492.9699x50980,velasquezjonathan@brooks.com,I'm interested in buying a new RV.
Samantha Briggs,0818542218,wlowe@yahoo.com,Do you offer warranties for a car?
Matthew Potter,(786)932-8749,curtisanthony@gmail.com,Can I trade in my old RV for a new one?
Gabriella Davies,943.129.5040x6082,jason95@roberts-lester.org,Looking for a loan option for my motorcycle.
Joan Hudson,193.738.5349,juliehensley@simon.org,Do you offer warranties for a pickup truck?
Daniel Irwin,411.109.4380x87257,jamespierce@gray-cobb.com,What's the best maintenance plan for my car?
Brandi Cooper,523.150.1606,nataliekline@wright.com,Do you offer insurance for a SUV?
Lisa Moore,3623506158,amanda54@yahoo.com,Can I trade in my old car for a new one?
Elizabeth Nelson,(135)238-1209x02158,falvarado@caldwell.net,Looking for a loan option for my pickup truck.
Jennifer Ross DDS,+1-802-964-1787x9968,steven15@gmail.com,Can I trade in my old electric vehicle for a new one?
Jacqueline Sanchez,3977196063,nicholasmoreno@hotmail.com,Interested in test-driving the latest car.
Tracy Munoz,845.079.5197,qbennett@hotmail.com,Looking for the best fuel-efficient motorcycle.
Margaret Anderson,(127)109-4949x095,brookswilliam@yahoo.com,Looking for a loan option for my pickup truck.
Jose Bautista,+1-568-306-6370x787,nrusso@fox.com,Do you offer warranties for a electric vehicle?
Daniel Marquez,001-141-600-1717,osingleton@gmail.com,Can I trade in my old van for a new one?
Megan Peters,606.378.1093x38655,michellelarson@lane.com,What's the best maintenance plan for my electric vehicle?
Sherri Vasquez,017-813-7705,franklinyesenia@gmail.com,Do you offer insurance for a electric vehicle?
Alison Brandt,163-291-5028x03456,blakebeck@yahoo.com,Interested in test-driving the latest electric vehicle.
Charles Davidson,001-488-531-5417x925,austin88@decker-padilla.com,What's the best maintenance plan for my electric vehicle?
Sonya Wells,844.448.4171x3580,riveracheryl@hotmail.com,Do you offer insurance for a RV?
Tracy Martinez,130-784-0672x19973,ellishannah@castillo-walters.com,Looking for the best fuel-efficient truck.
Donna Perkins,(641)407-3647x2475,goldenrodney@yahoo.com,Do you offer warranties for a SUV?
Paul Vance,(638)595-3951x522,ismith@yahoo.com,Looking for a loan option for my truck.
James Ward,(534)430-3297,cordovazoe@gmail.com,Looking for the best fuel-efficient truck.
Joann Kelly,587.082.4085x74718,williamsmorgan@yahoo.com,Interested in test-driving the latest car.
Erica Williams,850.961.6451x96092,reedchristopher@sullivan.biz,Interested in test-driving the latest truck.
Jordan Mason,001-020-803-0890x107,landrycaitlyn@avery.com,Can I trade in my old pickup truck for a new one?
Mckenzie Williams,+1-418-300-9488x6074,ljohnson@black.com,Do you offer insurance for a truck?
Kathryn Cruz,+1-905-922-1227x68975,moorejohn@knight-christian.com,Looking for the best fuel-efficient truck.
John Phillips,(580)603-8662,tammy40@hotmail.com,Can I trade in my old car for a new one?
Tracey Moore,656-447-7549,catherineandrews@williams-freeman.info,Looking for the best fuel-efficient electric vehicle.
Nicholas Howell,859-812-0937x2066,tinamcdaniel@gmail.com,Looking for the best fuel-efficient RV.
Kimberly Rodriguez,(383)078-3414x83548,tylermark@ho-richardson.biz,Looking for the best fuel-efficient motorcycle.
Jo Acevedo,001-581-863-2504,jason22@hines-leblanc.com,Need a quote for repairing my car.
Michael Jones,+1-012-209-0645x631,muellerkimberly@ashley-green.com,Do you offer warranties for a RV?
Janice Daniel,3277904870,thahn@hotmail.com,Do you offer insurance for a motorcycle?
Kimberly Valdez,(302)612-7095x3244,mccormickjulie@kelley-mccarty.com,Can I trade in my old truck for a new one?
Wendy Nicholson,311.809.0662x6883,jordandonna@smith.com,Interested in test-driving the latest truck.
Rhonda Willis DDS,369.274.0215x60753,josecervantes@hotmail.com,Need a quote for repairing my SUV.
Joseph Sexton,367.595.0050,boothcharles@levy-haley.com,Need a quote for repairing my electric vehicle.
Regina Garcia,971.378.3881,thomaskramer@johnson-frank.org,I'm interested in buying a new car.
Jason Thompson,124-075-7370x589,teresawalker@raymond-norris.biz,Looking for the best lease deals on a car.
Jose Hayes,(613)602-1821,gregory16@hotmail.com,Can I trade in my old van for a new one?
Pedro West,6901483959,hdennis@yahoo.com,Interested in test-driving the latest van.
Michele Pacheco,+1-774-221-7809x320,sprice@yahoo.com,Do you offer warranties for a car?
John Glass,(005)553-8480x0255,jgentry@warren-brown.com,Looking for a loan option for my electric vehicle.
Christopher Ramirez,555.733.0465x8789,katherinehancock@vaughan.biz,Need a quote for repairing my truck.
William Chen DDS,817.796.6158,tmiller@reese-santiago.com,Looking for the best lease deals on a pickup truck.
Brandi Carlson,111-901-4070x257,omiranda@gmail.com,Looking for the best fuel-efficient van.
Scott Cruz,(964)304-0978,valenciadavid@gmail.com,What's the best maintenance plan for my motorcycle?
Crystal Horton,+1-567-190-1278x63034,villegasdarren@gmail.com,Do you offer insurance for a car?
Emily Gregory,(734)662-7127x023,villanuevamelissa@yahoo.com,I'm interested in buying a new pickup truck.
Kaitlin Gordon,368-085-4150,yoderroger@gmail.com,Do you offer warranties for a van?
Alison Evans,(088)839-4560,alan37@barnes.biz,Need a quote for repairing my car.
Cody Hayden,+1-172-361-7847x3053,anthony19@hotmail.com,Do you offer warranties for a van?
Brian Mcknight,822.726.3064,emartinez@howe.com,Interested in test-driving the latest motorcycle.
Christopher Wallace,(926)518-7264x650,phelpsbethany@hotmail.com,What's the best maintenance plan for my motorcycle?
John Brown,195-679-0645x338,carlos10@hotmail.com,I'm interested in buying a new electric vehicle.
Cristina Heath,226.925.0356,mitchellpaula@roman.net,Looking for a loan option for my van.
Kyle Frazier,847-387-3153x84596,raven00@norton.net,Looking for the best fuel-efficient truck.
Michael Miller,+1-769-266-1765x91412,markscott@yahoo.com,What's the best maintenance plan for my electric vehicle?
Karen Aguilar,790.596.7059x94536,lpham@hotmail.com,Looking for the best fuel-efficient truck.
Benjamin White,794.809.1724x91684,christopher87@yahoo.com,Can I trade in my old car for a new one?
Derrick Nelson,(316)172-6257,danderson@mullins-flores.com,Interested in test-driving the latest SUV.
Travis Stewart,899-399-9657x23079,lhill@gmail.com,Looking for the best fuel-efficient pickup truck.
Brenda Rogers,337.816.9431x81448,rachel59@gmail.com,Looking for the best fuel-efficient motorcycle.
David Moore,311.762.0940x4303,nathanlee@foster.com,Looking for a loan option for my motorcycle.
Maria Mendez,001-747-116-2074x6960,josephhernandez@yahoo.com,Do you offer insurance for a truck?
Tiffany Ingram,610-328-5751,linda41@hotmail.com,Can I trade in my old SUV for a new one?
Karen Garrett,024.845.1521x879,avega@jones-casey.com,Looking for the best lease deals on a RV.
Brenda Simpson,9798643441,mendezmichelle@silva.biz,Looking for the best fuel-efficient van.
Carolyn Henry,(205)075-6860x8952,cmarquez@gmail.com,Looking for the best lease deals on a car.
Victoria Montes,538.911.5845x945,matthewpeterson@morris-thomas.net,Do you offer insurance for a van?
Stacey Morgan,(025)993-2289x185,leslieguerra@weaver.info,What's the best maintenance plan for my car?
John Brooks,(249)999-9355x933,wileyjennifer@yahoo.com,I'm interested in buying a new RV.
Rebecca Bowman,163-572-3095x78071,udelacruz@morgan-gardner.com,Can I trade in my old truck for a new one?
Raymond Smith,892.541.9838,atkinsanthony@baker.com,Do you offer warranties for a RV?
Anthony Mcdaniel,970-631-1031,melissa66@williamson-morgan.net,Can I trade in my old pickup truck for a new one?
Rose Page,3697804600,gary02@gmail.com,Looking for the best lease deals on a truck.
John Franklin,+1-508-776-9834x2659,larrybraun@hotmail.com,Do you offer insurance for a pickup truck?
Madison Santana,001-397-126-0998x853,ladams@yahoo.com,I'm interested in buying a new car.
Henry Kim,609-295-4045,charles18@hotmail.com,I'm interested in buying a new pickup truck.
Eric Gonzalez,009-175-4999,smithkyle@hotmail.com,Do you offer warranties for a pickup truck?
Joshua Sullivan,001-056-418-7882x614,jessica23@rodriguez-bennett.com,Do you offer insurance for a electric vehicle?
Theresa Robertson,001-132-920-5364x536,vancedanielle@harris.info,Looking for a loan option for my van.
Jerry Martin,(709)213-8256,robin37@gmail.com,Can I trade in my old motorcycle for a new one?
Pamela Morris,839-202-4510,castillodeborah@montgomery.com,Interested in test-driving the latest electric vehicle.
Mandy Mckinney,239-523-3260,joseph10@gmail.com,What's the best maintenance plan for my SUV?
Daniel Jones DDS,6536828661,lindseymartinez@gmail.com,What's the best maintenance plan for my motorcycle?
Andrea Medina,000-288-7262x095,mariabeck@walker.com,Looking for a loan option for my electric vehicle.
Jacob Manning,720-619-1907,perrymegan@gmail.com,Looking for the best fuel-efficient SUV.
Kayla Ball,+1-471-616-7442,cruztyler@yahoo.com,Can I trade in my old pickup truck for a new one?
Tammie Robinson,8318897166,heather59@chang-walters.com,Looking for a loan option for my electric vehicle.
Kristine Banks,001-217-781-7182x3259,katherine92@yahoo.com,Need a quote for repairing my motorcycle.
Patrick Stewart,001-099-653-0898x86235,michael67@gmail.com,Looking for the best fuel-efficient car.
Bobby Bullock,+1-956-153-5233x8294,rruiz@hotmail.com,Do you offer insurance for a electric vehicle?
Martin Lynch,595.932.2099x685,yallen@hotmail.com,Looking for the best fuel-efficient motorcycle.
Shannon Crawford,866.887.1379,gstewart@bender.info,Can I trade in my old electric vehicle for a new one?
Leslie Diaz,(930)355-4094x927,tonya31@baldwin-davis.info,Need a quote for repairing my SUV.
Amy Knox,(121)636-0919,ktaylor@yahoo.com,Looking for a loan option for my electric vehicle.
Raven Reynolds,603-744-8778,rebekah98@wright.com,What's the best maintenance plan for my pickup truck?
Rebecca Smith,296.887.4042,adamsgary@thompson.com,Do you offer warranties for a RV?
Anthony Foster,+1-909-895-8054,waynecastillo@hotmail.com,Looking for the best lease deals on a electric vehicle.
Randy Johnson,411.943.1511x672,annecampbell@erickson.com,Need a quote for repairing my motorcycle.
Kristen Hensley,001-572-255-3253x61625,kyle48@gmail.com,Looking for the best fuel-efficient car.
Chad Drake,0777381579,stephaniesmith@hotmail.com,Interested in test-driving the latest van.
William Briggs,(597)100-8599x930,christinesmith@willis.com,Need a quote for repairing my pickup truck.
Stacy Johnson,772-417-3345x124,matthew08@gmail.com,What's the best maintenance plan for my SUV?
Eileen Lewis,742-911-9163x2787,ethompson@hayes.com,What's the best maintenance plan for my truck?
Jennifer Jensen,(423)507-2484x732,jeanettecampos@gmail.com,Need a quote for repairing my pickup truck.
Michael Turner,001-953-115-1623x579,efox@gonzalez.com,Looking for a loan option for my SUV.
Jason Franklin,359-931-4976x6935,wagnerchristopher@smith.com,Looking for the best lease deals on a truck.
Carla Kline,649-506-9458x08583,jwilliams@gmail.com,Looking for a loan option for my RV.
Deborah Goodwin,(278)814-5796x369,joseph27@simpson-bell.com,Do you offer warranties for a van?
Marcus Vasquez,001-953-260-4537x3051,audrey55@hotmail.com,Can I trade in my old motorcycle for a new one?
Ashley Manning,4948928353,heather88@gmail.com,Do you offer warranties for a motorcycle?
Aaron Hill,+1-392-530-9220x599,stacyweber@yahoo.com,Can I trade in my old SUV for a new one?
Brett Mendez,0392432504,kennethcooper@hotmail.com,Looking for a loan option for my electric vehicle.
Sean Craig,6294077650,walkertanner@yahoo.com,I'm interested in buying a new motorcycle.
Samuel Wood,001-468-826-6963x51034,scott79@garcia.com,Need a quote for repairing my motorcycle.
Michael Mcmahon,880-321-8559x3140,kimberly43@levine.com,Do you offer insurance for a SUV?
Nicholas Graham,110.350.3292x2950,mgonzalez@choi.com,Looking for the best fuel-efficient electric vehicle.
Samantha Mckenzie,069.630.6119x02683,elizabethrobinson@vasquez.com,I'm interested in buying a new van.
Lindsay Davidson,622.587.5696,mark59@leblanc.org,I'm interested in buying a new RV.
Jennifer Gonzalez,3999610023,kellybaker@bradford.com,Do you offer warranties for a RV?
Christopher Allen,530.760.3267x89012,rebekah05@gmail.com,Need a quote for repairing my car.
Mark Smith,560.295.1409x880,sara20@yahoo.com,What's the best maintenance plan for my van?
Candace Martinez,+1-513-351-9401,ortegalisa@matthews.com,I'm interested in buying a new van.
James Martinez,(525)260-3341x72468,crawfordbrandi@mclean.info,Can I trade in my old SUV for a new one?
Sandra Johnson,027-439-3234,shannonwilliams@callahan.com,Looking for the best lease deals on a truck.
Morgan Williams,027.773.8644,holly24@hotmail.com,Need a quote for repairing my motorcycle.
David Carlson,(730)023-9674,zjohnson@hotmail.com,Looking for the best lease deals on a electric vehicle.
Penny Hayes,593.862.9057x48664,brandon93@franklin-collier.com,What's the best maintenance plan for my van?
Christopher Turner,251.609.7849x255,princecatherine@hotmail.com,Need a quote for repairing my truck.
Kathleen Collier,+1-466-532-5622x9757,baxteralicia@huff.com,Looking for a loan option for my motorcycle.
John Mcmillan,303-838-0103x3625,crawfordjoshua@hotmail.com,Looking for the best lease deals on a car.
Dawn Lopez,(541)240-1966x06816,tmalone@romero-miller.com,Can I trade in my old electric vehicle for a new one?
Charles Hoover,+1-346-114-5278,mclark@campbell.com,What's the best maintenance plan for my SUV?
Olivia Ramirez,+1-738-018-4835x58999,jeffreydavis@gray.com,What's the best maintenance plan for my van?
Philip Smith,408-189-5818x311,morsewilliam@pena.com,Looking for the best fuel-efficient car.
Jaclyn Salazar,620.435.5791x450,hillnicholas@evans.com,Looking for the best fuel-efficient pickup truck.
Mark Moore,001-301-514-8698x123,ljohnson@mcdaniel.com,Can I trade in my old pickup truck for a new one?
Dr. Mary Oconnell,272.082.7430,fdavis@brooks.biz,Need a quote for repairing my electric vehicle.
Charles Olson,5285076147,hannah24@snow-west.com,I'm interested in buying a new SUV.
Brian Hebert,2428805554,xwatts@yahoo.com,Can I trade in my old SUV for a new one?
Nicholas Hill,2473754111,tbarnes@yahoo.com,Do you offer warranties for a RV?
Casey Crawford,148.883.3339,ryanwallace@allen-brewer.com,Looking for the best lease deals on a van.
Timothy Potter,(654)519-5063,mccarthytracy@keller-black.com,Can I trade in my old pickup truck for a new one?
Cheryl Gutierrez,949.347.1845,rebeccamoore@gmail.com,What's the best maintenance plan for my truck?
George Herrera,031-984-0424x131,phillipsrebecca@yahoo.com,Looking for the best lease deals on a electric vehicle.
Danielle Schwartz,+1-078-991-9975x618,bobby38@greer-smith.com,Interested in test-driving the latest truck.
Brian Yoder,888.089.6038x176,christinawalker@sanchez-hendricks.com,Do you offer warranties for a SUV?
Joseph Ruiz,001-895-467-5486,juan96@cervantes.com,Looking for a loan option for my truck.
Samuel Cook,001-466-070-8781x41870,vward@hotmail.com,Need a quote for repairing my truck.
Jay Miller,235.651.2926x27868,nrivera@gmail.com,Do you offer insurance for a car?
Gregory Barton,(946)484-7016x74159,traceysutton@gmail.com,Looking for the best fuel-efficient pickup truck.
James Stevens,+1-589-438-7140x75162,roy66@bennett.com,Can I trade in my old pickup truck for a new one?
Mr. Jesse Phillips,(415)049-1580,wrightjennifer@gmail.com,Looking for a loan option for my car.
Jessica Jackson,+1-540-484-8604x603,cstafford@gmail.com,Need a quote for repairing my truck.
Jasmine Spencer,092-881-3179,rebekahwilson@hotmail.com,Do you offer warranties for a car?
Brandon Rivera,+1-532-512-6384x8371,normantanya@yahoo.com,Interested in test-driving the latest electric vehicle.
Keith Fleming,(477)473-6478x00973,fgraham@mcguire.com,What's the best maintenance plan for my motorcycle?
Patricia Woods,(937)654-5061x351,jennifer37@miller-martin.org,I'm interested in buying a new van.
Christopher Smith,+1-903-131-5818,tgreene@yahoo.com,Do you offer warranties for a pickup truck?
Raymond Stevens,001-893-421-0397,chasechoi@yahoo.com,Do you offer warranties for a SUV?
Lisa Rollins,(714)779-5028,seanmontgomery@hotmail.com,Do you offer warranties for a RV?
Ryan Cannon,001-859-653-4337x90326,rosalesashley@johnson-ray.com,Looking for the best lease deals on a truck.
Timothy Perry,056-586-8404x019,gonzalezchristine@hotmail.com,Interested in test-driving the latest electric vehicle.
Kelly Guerra,(794)330-7877x736,natashagutierrez@richardson.com,Looking for the best fuel-efficient truck.
Yolanda Reid,001-222-604-5248x71439,floresbianca@webster-patterson.net,Looking for the best fuel-efficient car.
Elizabeth Newton,001-635-648-0499,martinezkimberly@yahoo.com,Need a quote for repairing my electric vehicle.
David Christensen,104.274.9062x327,mwilliams@gmail.com,Looking for the best lease deals on a SUV.
Sabrina Wagner,810-002-7972x11005,caleb18@bonilla.net,Do you offer insurance for a truck?
James Jones,+1-127-567-2927x3593,sydney95@hotmail.com,Looking for the best fuel-efficient pickup truck.
Stephanie Shepherd,543.671.9568x4675,nathanieldominguez@sawyer.info,Need a quote for repairing my truck.
Michelle Riddle,+1-763-701-9034x191,ericabradley@johnson.com,Looking for the best lease deals on a electric vehicle.
Tina Rios,001-741-574-0929x7666,mullinsaaron@wilson-sanchez.com,Looking for a loan option for my motorcycle.
Maria Hayden,575-058-9759x5570,jwebb@gmail.com,Do you offer warranties for a van?
Jamie Brown,+1-703-732-8507,kevin18@gmail.com,Do you offer insurance for a van?
Jose Stein,001-832-323-2085x579,jeffreymorris@hotmail.com,I'm interested in buying a new SUV.
Steven Pitts,001-793-564-2110x2804,buchananjames@gmail.com,What's the best maintenance plan for my truck?
Elizabeth Smith,+1-206-418-3942x67770,kmurphy@hotmail.com,Looking for the best lease deals on a electric vehicle.
Nichole Leach,001-654-190-6146x6305,tsmith@yahoo.com,Looking for the best fuel-efficient RV.
Nicholas Hess,7566234521,sarahgreen@hotmail.com,I'm interested in buying a new electric vehicle.
Catherine Odonnell,(509)205-4021x772,amanda91@buckley.com,Do you offer warranties for a truck?
Jose Maldonado,(398)385-4035x7154,jason42@gmail.com,Do you offer insurance for a pickup truck?
Cory Jones,(129)718-8787,bakerlisa@lopez.org,What's the best maintenance plan for my pickup truck?
Loretta Davis,360.072.3795,crosbytara@hotmail.com,Looking for the best lease deals on a pickup truck.
Susan Jackson,+1-004-437-4310x7955,churchjanet@hotmail.com,Looking for the best lease deals on a truck.
Kathy Gordon,266-265-7140x12245,adam54@gmail.com,Interested in test-driving the latest pickup truck.
Michael Deleon,434.235.7131,youngholly@hotmail.com,Interested in test-driving the latest RV.
William Kent,(700)390-2476x2212,nicole43@gmail.com,Need a quote for repairing my motorcycle.
Alexander Sanchez,084-159-1039x78508,adam47@gmail.com,Looking for the best fuel-efficient RV.
Mary Livingston,722.693.4857x3980,westmargaret@ortega-nichols.org,Need a quote for repairing my electric vehicle.
Hector Smith,(041)622-3922,timothy64@hotmail.com,Can I trade in my old van for a new one?
Ryan Baldwin,789-387-5438,davidpayne@gmail.com,Looking for the best lease deals on a pickup truck.
Steven Wright,+1-832-365-0838x576,rdavis@hotmail.com,Looking for the best lease deals on a pickup truck.
Stephanie Allen,001-189-955-9972x026,yanderson@hotmail.com,What's the best maintenance plan for my pickup truck?
Kevin Bauer,667-558-7853x016,joel27@rogers-edwards.info,Looking for the best fuel-efficient truck.
Ricky Jones,373-446-3017x73067,watsonryan@myers.com,What's the best maintenance plan for my SUV?
Meagan Fowler,001-266-112-1111x32223,brian64@mcclain.com,What's the best maintenance plan for my RV?
Jason Simpson,(364)111-1263x65423,cisnerosalicia@rodriguez-martin.com,I'm interested in buying a new pickup truck.
Vickie Martinez,001-653-057-4513x7994,melliott@hotmail.com,I'm interested in buying a new SUV.
Dr. John Bennett,6659787189,james61@pennington-robinson.info,Can I trade in my old truck for a new one?
Robin Dixon,441.107.7123x505,sabrina66@hotmail.com,Looking for a loan option for my van.
Lauren Lopez,505-014-7940x29609,erikaoliver@hotmail.com,Looking for the best lease deals on a car.
Kyle Reeves,317-140-4596,rodriguezjames@yahoo.com,Do you offer warranties for a truck?
Melissa Wright,915-796-4852,hallmaria@gmail.com,Looking for the best lease deals on a car.
John Fleming,333-445-6026x5268,dustinkelly@gmail.com,Looking for a loan option for my pickup truck.
Scott Cook,058-611-1275x246,matthewwatts@medina.com,Interested in test-driving the latest SUV.
Nicole Monroe,466.691.2889,tmcdowell@hotmail.com,Need a quote for repairing my RV.
Elizabeth Ward,520.993.5791,bishopjulia@hotmail.com,Do you offer insurance for a RV?
Michele Thompson,(540)125-2317,donnapetersen@hotmail.com,Interested in test-driving the latest car.
Margaret Mcdowell,255-941-7066,rhodges@baird-norris.com,Looking for the best fuel-efficient van.
Shawn Walters,(321)305-8832x396,megansimpson@baker-gonzalez.net,Interested in test-driving the latest SUV.
Alan Gutierrez,559-304-4522x1367,harmstrong@hernandez.com,Looking for the best lease deals on a truck.
Lori Martinez,582-728-4639x458,george72@hotmail.com,What's the best maintenance plan for my RV?
James Hernandez,+1-203-340-5052,rgriffin@yahoo.com,Looking for the best fuel-efficient electric vehicle.
Cindy Martin,+1-283-339-7158,mathisheidi@yahoo.com,Looking for a loan option for my RV.
Kelli Gonzalez DDS,3909417481,jason14@robinson.info,What's the best maintenance plan for my van?
Robert Hamilton,350.267.9074x5492,veronica92@yahoo.com,Do you offer warranties for a pickup truck?
Amy Robbins,001-664-056-8047x20942,iwilliams@solomon.com,Need a quote for repairing my pickup truck.
Richard Martinez,871.825.7427x828,michaelsingh@reynolds-scott.com,Can I trade in my old RV for a new one?
Brian Blackwell,(715)822-5522,robertarmstrong@gmail.com,I'm interested in buying a new van.
Megan Hansen,880-668-5089x6276,michelleedwards@cox.com,Do you offer warranties for a RV?
Antonio King,001-549-046-1557x72683,jamesalexander@glenn-johnston.com,What's the best maintenance plan for my van?
Julie Hernandez,001-075-080-0962x14869,caitlinwarner@le-dawson.com,Looking for the best lease deals on a RV.
Desiree White,656.242.6969x92649,marybrown@smith-wolfe.net,Do you offer insurance for a truck?
Alexander Smith,001-141-100-7738x2802,deannageorge@gmail.com,Looking for the best fuel-efficient van.
Luis Cochran,(745)845-3373x2979,parrishmia@garcia.org,Looking for the best fuel-efficient car.
Timothy Moreno,(886)460-6165x294,turnercole@trujillo.com,What's the best maintenance plan for my truck?
Christina Rodriguez,001-577-347-3541x261,sheajustin@castaneda-faulkner.com,Looking for the best fuel-efficient truck.
Stephanie Leblanc,001-080-635-3717x533,yrojas@ferguson-oliver.org,Looking for a loan option for my van.
Jacob Norman,001-998-247-6638,vlucero@hotmail.com,Looking for a loan option for my electric vehicle.
Brian Summers,001-725-126-5974x25175,fchaney@spence-lopez.info,What's the best maintenance plan for my SUV?
Donna Rocha,218.186.7811,kwiggins@yahoo.com,What's the best maintenance plan for my SUV?
Scott Calhoun,(749)204-1716,blankenshipjason@jones-cooley.com,I'm interested in buying a new electric vehicle.
Angela Franklin,997.649.6299x354,kennethlee@hotmail.com,What's the best maintenance plan for my pickup truck?
Jason Luna,744-567-9826,larsenjason@cannon.com,Looking for the best fuel-efficient truck.
Laura Kelly,166.356.1884x7208,timothy21@gmail.com,Looking for the best lease deals on a car.
Emily Newman,9944362004,eterry@brock.com,Need a quote for repairing my car.
Linda Mitchell,(109)296-7017x550,cindy01@yahoo.com,Looking for the best lease deals on a electric vehicle.
Tina Martinez,(042)127-3368x3384,melodyford@hotmail.com,I'm interested in buying a new truck.
Jeremy Holland,615.333.0636,heather02@anderson-higgins.com,Can I trade in my old RV for a new one?
Lisa Bradley,+1-064-830-5307x5876,leslie11@hotmail.com,What's the best maintenance plan for my truck?
Samantha Holland,(524)197-3884x9474,kdaniel@johnson-miller.com,Need a quote for repairing my motorcycle.
Raymond Dominguez,754.361.0203x51929,adamswalter@rose.com,I'm interested in buying a new motorcycle.
Robert Robinson,001-077-463-1550x1258,mark95@simmons.com,Looking for the best lease deals on a pickup truck.
James Martinez,926.238.6235x2022,elizabeth90@johnson.com,Need a quote for repairing my car.
Timothy Alvarado,784.842.3025x05185,cenglish@townsend.biz,Looking for a loan option for my van.
Eric Johnston,019.173.4116x808,christinabruce@hotmail.com,Do you offer insurance for a electric vehicle?
Mary Lutz,+1-320-009-3267,dgibson@hotmail.com,Do you offer warranties for a electric vehicle?
Antonio Coffey,719.169.0888x7533,christine89@garza.info,Do you offer warranties for a SUV?
Angela Tucker MD,(506)638-2546,mariabradshaw@yahoo.com,Looking for the best lease deals on a electric vehicle.
Mason Hull,+1-647-497-9506x128,justinhampton@huynh.com,Do you offer insurance for a truck?
Krista Jimenez,001-186-274-3583x522,lmaldonado@fuller-ray.com,What's the best maintenance plan for my motorcycle?
Elizabeth Clarke,+1-676-789-9877,philipthompson@brooks.com,Interested in test-driving the latest van.
Christopher Payne,+1-073-789-1994,nicholasavila@campbell.info,Can I trade in my old electric vehicle for a new one?
Kevin Dominguez,517.758.8319x34820,michael04@robinson.com,What's the best maintenance plan for my RV?
Paul Smith DDS,162.001.4128x13887,aaron93@gmail.com,Can I trade in my old SUV for a new one?
Virginia Watson,689-401-5806x641,jacquelinewilliams@torres-johnson.org,What's the best maintenance plan for my pickup truck?
Dr. Matthew Kelley,589.668.6674,aruiz@melendez-dawson.biz,Looking for the best lease deals on a car.
Michael Branch II,(039)480-2796x5619,rwarren@mcdonald-harris.net,I'm interested in buying a new van.
Sue Harris,(439)932-1285,bhodges@johnson.com,Do you offer insurance for a car?
Brett Allen,(673)695-5563x7690,briancrawford@fitzpatrick.com,What's the best maintenance plan for my car?
Julia Bass,001-207-553-3843x759,rickeygarcia@hotmail.com,Can I trade in my old car for a new one?
Heather Walker,2307889515,bowersjoanna@hotmail.com,Looking for the best fuel-efficient RV.
Rodney Green,(664)756-2127,christopherjones@berry-vasquez.com,Looking for the best lease deals on a pickup truck.
Erin Heath,7996382262,jamesmiles@moore.biz,Looking for the best fuel-efficient SUV.
Kelly Dixon,217.013.1810,perrycatherine@owens.org,Do you offer warranties for a van?
Kevin Herrera,+1-992-365-1101,lindsey51@yahoo.com,What's the best maintenance plan for my SUV?
Matthew Richardson,(989)634-0030x749,joanmcmahon@christian-jenkins.biz,What's the best maintenance plan for my van?
Kim Potter,(133)716-8370,haleralph@hotmail.com,Looking for the best fuel-efficient electric vehicle.
Tiffany Haney,(445)817-7749x18400,castanedachristine@campbell.org,Do you offer warranties for a electric vehicle?
Dr. Michael Moore,012-149-6701,dmurray@marquez.com,I'm interested in buying a new truck.
Shaun Hernandez,001-162-090-7476x13350,awarner@figueroa-gonzalez.com,Need a quote for repairing my electric vehicle.
John Edwards,372-419-4769x309,daviseugene@gmail.com,Need a quote for repairing my van.
David Thompson,3189762921,alicia89@cruz.info,I'm interested in buying a new motorcycle.
Ashley Crawford,(688)189-7029,brian58@gmail.com,Interested in test-driving the latest car.
Mary Wood,834.760.6856,jeffrey73@cook-butler.com,Need a quote for repairing my pickup truck.
Laura Juarez,937.218.9634x253,nicolejacobs@yahoo.com,Looking for the best lease deals on a RV.
Eric Quinn,9231167080,robinsonashley@murphy.info,Do you offer warranties for a SUV?
Tamara Watson,001-040-510-4586x98078,hoffmanjessica@richard.org,What's the best maintenance plan for my car?
Michael Craig,247.312.4905x5110,aevans@yahoo.com,Looking for the best fuel-efficient electric vehicle.
Taylor Sutton DVM,261-269-9552x89702,lindsayprice@ford-graham.com,What's the best maintenance plan for my SUV?
Rebecca Miller,720.137.4962x986,nlang@yahoo.com,Looking for the best lease deals on a motorcycle.
Danny Bartlett,163.769.2064x360,williammitchell@gmail.com,Need a quote for repairing my truck.
Mary Sanford,203.983.7109x7381,hendersonjeremy@prince.com,Can I trade in my old van for a new one?
Ronald Foster,+1-686-070-2219x15649,jessica11@hotmail.com,Looking for the best fuel-efficient SUV.
Jennifer Castaneda,+1-479-671-1055x3631,stevengutierrez@miller-carter.com,Looking for a loan option for my pickup truck.
Jerry Smith,(783)141-5870,tharris@yahoo.com,Looking for a loan option for my RV.
Robin Walker,201.847.5005,kelsey98@yahoo.com,Do you offer warranties for a RV?
Megan Crawford,+1-453-252-6953x95213,stacey57@hotmail.com,Can I trade in my old SUV for a new one?
Timothy Mccarthy,001-708-751-4671x211,robert94@dougherty.com,Interested in test-driving the latest pickup truck.
David Marquez,932.157.0959x60461,daniel88@hotmail.com,Looking for the best fuel-efficient van.
William Harvey,845.128.2470x367,clarkrenee@santana.com,I'm interested in buying a new van.
Alicia Bonilla,6723637301,paul13@hotmail.com,Do you offer insurance for a motorcycle?
Jonathan Wilson,362-634-9657,vreese@boyd.info,Do you offer insurance for a pickup truck?
John Hess,+1-723-322-2696x7792,linstephanie@schultz-brown.com,Can I trade in my old pickup truck for a new one?
Jennifer Graham,458.411.6518x60468,john72@jimenez-hernandez.com,Can I trade in my old RV for a new one?
James Kelly,4323089359,jonathanwatkins@gmail.com,What's the best maintenance plan for my SUV?
Theresa Torres,166.228.5424x74414,dfowler@yahoo.com,Looking for a loan option for my RV.
Susan Shelton,033-499-5652x220,ryan06@hotmail.com,I'm interested in buying a new electric vehicle.
Julia Brooks,001-433-582-7548,brandon24@hotmail.com,Looking for the best lease deals on a truck.
Kristen Dominguez,117-881-6492x05971,julie65@hotmail.com,Looking for the best lease deals on a van.
Rhonda Orozco,876.666.1008x419,rwilson@hotmail.com,Can I trade in my old truck for a new one?
Jodi Rosario,412.165.4065x16657,wturner@yahoo.com,Can I trade in my old car for a new one?
Kevin Lawrence,(627)902-6630x81413,mark56@kelly-garcia.com,Can I trade in my old motorcycle for a new one?
Mary Miller,767.914.9418,barbara82@ford.org,Interested in test-driving the latest car.
Theresa Atkinson,029-502-0482x04615,bartlettmatthew@sullivan.biz,Looking for the best lease deals on a car.
Katie Smith,683.586.5910x2935,charles75@hines-martinez.com,Looking for the best fuel-efficient van.
Joseph Durham,5917622009,deborahjackson@andrade.com,Looking for the best fuel-efficient pickup truck.
Rebecca Hall,5175508433,ypatel@reed-walters.info,Do you offer insurance for a truck?
Christy Baker,095.689.3578x3480,natalie73@mills-wise.com,Need a quote for repairing my motorcycle.
Jennifer Brady,297.969.0707x5917,rogersjoseph@andrade-dillon.com,I'm interested in buying a new SUV.
Amy Hudson,2093105995,vkhan@gutierrez.com,I'm interested in buying a new car.
Brett Hunter,(779)286-1019x692,stephen72@smith.biz,Need a quote for repairing my van.
Carol Wilson,308-143-4384x84046,deniseaustin@yahoo.com,Can I trade in my old electric vehicle for a new one?
Dr. Francisco Chandler,001-247-167-2263x79077,bradforddaniel@gmail.com,Need a quote for repairing my motorcycle.
Allison Edwards,3761015084,xchapman@yahoo.com,Interested in test-driving the latest van.
Luke Hart,(505)198-6763,bjohnson@yahoo.com,Can I trade in my old van for a new one?
Michael Torres,339-395-9943x4154,jacobsmichael@jones.info,Can I trade in my old truck for a new one?
Alicia Craig,857-739-2059,david21@chavez-morales.com,Looking for the best fuel-efficient SUV.
Angela Ellis,530.824.0397x25642,jeffrey40@yahoo.com,Do you offer insurance for a truck?
Courtney Woods,(454)246-2688x185,pyoung@turner.com,What's the best maintenance plan for my RV?
Andrea Jensen,001-722-461-2138x1230,heatherjohnson@gmail.com,Looking for the best fuel-efficient SUV.
Joshua Watson,(517)420-2300x3011,djames@gmail.com,Interested in test-driving the latest car.
Donna Taylor,292.975.7833x549,tranderrick@hammond.com,Looking for the best lease deals on a truck.
Matthew Sanchez,114.531.0016x7891,michael16@gmail.com,I'm interested in buying a new SUV.
Alex Yoder,(713)585-5784x9268,ruth80@johnson.biz,Looking for the best fuel-efficient pickup truck.
Sara Long,400.805.6703x563,david15@hotmail.com,What's the best maintenance plan for my SUV?
Timothy Williams,001-265-716-9646x7557,cory69@castillo.com,Do you offer insurance for a pickup truck?
Chad Wright,527.020.6214,elaine63@gmail.com,Looking for the best fuel-efficient pickup truck.
Mariah Conway,(850)924-9394,michellecooper@hotmail.com,Need a quote for repairing my electric vehicle.
Cody Smith,7351636686,aaron79@bates.com,What's the best maintenance plan for my pickup truck?
Jennifer Young,933.989.5560x2102,iliu@gmail.com,Do you offer insurance for a SUV?
Austin Mercado,502-237-7861,olsonmichael@davis.com,Interested in test-driving the latest pickup truck.
Susan Hernandez,833.563.4558,rachel24@yahoo.com,Need a quote for repairing my RV.
Mr. Steven Flores,752.649.1961x7367,michaellee@gmail.com,What's the best maintenance plan for my motorcycle?
Jason Craig,405.484.4042x88061,fguerra@patterson-bennett.com,Can I trade in my old truck for a new one?
April Oconnell,268-889-1606x9743,ostewart@wilson-houston.biz,Interested in test-driving the latest van.
Janet Dodson,091.989.2875x06518,teresaclark@powell.info,Do you offer warranties for a SUV?
Tiffany Anderson,+1-858-103-1737x733,irogers@yahoo.com,I'm interested in buying a new SUV.
Mark Mcbride,+1-624-325-0788,ingramgeorge@hotmail.com,Looking for a loan option for my pickup truck.
Melinda Green,457-887-1807,sandramccall@brooks.org,Do you offer insurance for a RV?
Jamie Contreras,(414)159-6312x318,dwilson@gmail.com,Looking for the best lease deals on a electric vehicle.
Willie Woods,001-223-160-3019x2133,srivera@gmail.com,Do you offer insurance for a motorcycle?
James Velez,+1-257-822-9562x71978,qphillips@tucker.com,Looking for the best fuel-efficient motorcycle.
Alexis Walls,(600)041-2363x9143,reynoldsmary@vazquez.net,Do you offer insurance for a truck?
Ronald Robertson,566-286-2086,daniel56@carter.com,Interested in test-driving the latest car.
Brandon Stephens,2715578892,gmartin@hotmail.com,I'm interested in buying a new van.
Sydney Bryant,001-760-985-1619x6477,nathan77@hotmail.com,Looking for the best lease deals on a van.
Gerald Reynolds,172-946-7286x04860,tommy63@patterson-herrera.info,Can I trade in my old car for a new one?
Thomas Jordan,919-555-3777,vanessa25@ford.biz,Looking for a loan option for my pickup truck.
Jonathan Gomez,(413)327-6231x09074,reginawood@stephens-bailey.com,I'm interested in buying a new truck.
Joseph Shields,001-183-255-7634,jonespatricia@krause.biz,Looking for the best lease deals on a motorcycle.
Anthony Moreno,+1-161-725-5567x50601,hollygreen@oneal-garcia.com,Do you offer insurance for a van?
Adam Valencia,438.297.1022x991,kimberly45@gmail.com,Need a quote for repairing my electric vehicle.
Catherine Wallace,039.047.9391x089,geraldbrown@cox.com,What's the best maintenance plan for my electric vehicle?
Christina Smith,432-202-6473x79924,pittmanmarcia@bolton.com,Looking for a loan option for my van.
Caitlin Braun,(307)764-8759x3949,psullivan@kaufman.com,Need a quote for repairing my SUV.
Sophia Dodson,729.124.7222x379,dennis95@scott.biz,Looking for the best lease deals on a electric vehicle.
Tiffany Li,117-950-7712,djones@hotmail.com,Looking for a loan option for my motorcycle.
Jill Alexander,+1-647-472-0338x295,andrewrodriguez@yang.com,Do you offer insurance for a pickup truck?
Angel Fletcher,+1-131-237-3301x4253,kimberly78@hotmail.com,Looking for a loan option for my RV.
Tina Garcia,(282)202-5231x91997,jacqueline78@yahoo.com,Can I trade in my old van for a new one?
Matthew Johnson,549-834-2370x2877,timothyporter@burton-robbins.com,Interested in test-driving the latest truck.
Austin Parker,+1-124-312-4761x5009,brianmorales@gmail.com,Looking for the best fuel-efficient SUV.
Morgan Cortez,+1-907-476-4386x59965,jennifer44@pham.net,I'm interested in buying a new electric vehicle.
Traci Scott,001-314-810-1007x5931,heathershepard@hotmail.com,Need a quote for repairing my RV.
Robert Cantrell,001-557-445-9986x778,apowell@green-kelly.com,Looking for a loan option for my van.
Dillon Robles,742-382-4453x877,sheila58@love.com,Need a quote for repairing my SUV.
Spencer Rodriguez,+1-177-404-5655x34859,ericksonchristine@hayden.org,I'm interested in buying a new RV.
Michael Lopez,+1-444-671-4282x905,matthew94@choi.com,Can I trade in my old electric vehicle for a new one?
Philip Mcbride,001-289-189-3778,ccraig@gmail.com,Need a quote for repairing my pickup truck.
Melissa Aguilar,(518)565-5656x910,smithryan@yahoo.com,Looking for a loan option for my RV.
Rhonda Thomas,985-114-4806x99902,vaughnamanda@yahoo.com,What's the best maintenance plan for my motorcycle?
Natalie Beck,001-530-208-1757x56820,lpeterson@cruz-anderson.net,Need a quote for repairing my electric vehicle.
Jason Davis,470-063-1181,pflores@gmail.com,Looking for the best fuel-efficient van.
Nicholas Moon,501-055-2827x12142,fhatfield@hotmail.com,Looking for the best fuel-efficient SUV.
Louis Stewart,572-804-6666x6590,robinsonangela@gmail.com,Do you offer warranties for a RV?
Madison Tyler,735.099.8780x73239,ronald86@franklin-gonzalez.net,I'm interested in buying a new car.
Jesse Owen,001-260-376-5917x809,tiffany61@hotmail.com,Can I trade in my old electric vehicle for a new one?
Christopher Nguyen,001-447-866-5690,danmullins@hotmail.com,Interested in test-driving the latest truck.
James Conway,001-310-864-0833,andrecameron@walker-whitehead.com,Do you offer insurance for a RV?
Dr. Lucas Yoder,473.395.6947x8157,olsontimothy@anderson.net,Looking for the best fuel-efficient pickup truck.
Lisa Pierce,+1-917-623-1041,elizabeth45@yahoo.com,Do you offer insurance for a RV?
Matthew Mercer,001-053-053-1634x380,john88@hess.com,I'm interested in buying a new electric vehicle.
Andrew Ward,694-537-0439x845,prattpatricia@moreno.com,Can I trade in my old electric vehicle for a new one?
Brian Dennis,001-993-877-8424x5009,joseph72@gmail.com,Looking for the best fuel-efficient RV.
Allen Valdez,9777060460,keithwhite@walker-baker.com,Interested in test-driving the latest SUV.
Caleb Christensen,712-561-4992x1920,dmcdaniel@parrish.info,Do you offer warranties for a car?
Victor Taylor,156.945.7741x58768,robin27@hotmail.com,I'm interested in buying a new motorcycle.
Sharon Hardy,7021360455,ybolton@hotmail.com,What's the best maintenance plan for my pickup truck?
Eric Jones,001-624-764-4659x125,bmiller@aguilar-morrison.com,Looking for the best fuel-efficient SUV.
Jessica Johnson,+1-430-740-9475x597,joshuawright@yahoo.com,Do you offer warranties for a RV?
Thomas Bradley,001-822-945-2746x621,jasminehines@yahoo.com,Looking for the best lease deals on a van.
Darryl Martinez,+1-911-018-9028,mburke@holt.org,Need a quote for repairing my SUV.
Edward Browning,(604)856-8341,randy15@hotmail.com,What's the best maintenance plan for my RV?
Candace Allen,001-556-322-9824x482,nstewart@cruz.com,Looking for the best fuel-efficient truck.
Joy Johnson,+1-121-284-8968x7804,fmorgan@gmail.com,Do you offer warranties for a RV?
Katie Martinez,(238)228-5899x62661,ebarnes@walker.com,Can I trade in my old SUV for a new one?
Michael Gardner,079-767-4617x5655,lcompton@garrett-thompson.org,Looking for the best fuel-efficient van.
John Martin,(230)956-8951,unorris@yahoo.com,Looking for the best fuel-efficient RV.
Dana Wright,634-764-0149,nicoleavery@drake.com,What's the best maintenance plan for my van?
Catherine Rowe,309.991.7971x8622,charles58@hotmail.com,Do you offer warranties for a motorcycle?
John Morrison,597-834-7012x8026,andrewcox@melton-morales.org,Interested in test-driving the latest RV.
Anthony Torres,308-617-6246,upearson@mcgrath.com,Interested in test-driving the latest car.
Shawn Smith,908-112-3802,parkashley@perkins-richards.org,Interested in test-driving the latest RV.
Alyssa Jones,581.158.8079x396,achristensen@edwards.org,Looking for the best lease deals on a car.
Judith Rhodes,922-330-7458x309,vaughnmartin@taylor.com,Looking for the best lease deals on a electric vehicle.
Charles Howard,184.193.1711x95197,xcastillo@hinton.net,Looking for a loan option for my van.
Charles Hodge,4933233008,mary05@thompson.com,I'm interested in buying a new SUV.
Jeremiah Flores,763.994.9287,tammy64@yahoo.com,What's the best maintenance plan for my electric vehicle?
Debra Carey,047.535.4063,jamesayala@martinez-jarvis.com,I'm interested in buying a new electric vehicle.
Kayla Matthews PhD,001-748-894-3371x60013,robertowilliams@porter.com,Do you offer insurance for a van?
April White,001-548-183-1034x15229,rodriguezashley@yahoo.com,What's the best maintenance plan for my electric vehicle?
James Logan,+1-647-798-8267x24285,erica26@holland.info,Do you offer insurance for a motorcycle?
Christopher Johns,+1-141-881-7017x11784,alvarezwilliam@thomas.com,Need a quote for repairing my truck.
Kevin Wise,715.754.3608x2919,lhardy@gmail.com,Need a quote for repairing my pickup truck.
Christopher Ward,906.347.7030,kleinlogan@ramirez-watson.biz,Need a quote for repairing my car.
Geoffrey Barker,114.723.1244x76676,diamonddonovan@phillips-brewer.com,Do you offer warranties for a pickup truck?
William Jones,476-145-0318,susan04@bradshaw-mills.com,Can I trade in my old RV for a new one?
Alyssa Young,345-475-1787,matthewsjennifer@gmail.com,Interested in test-driving the latest van.
Rhonda Wood,001-586-111-0049x10904,greenrobert@hotmail.com,What's the best maintenance plan for my motorcycle?
Pamela Wheeler,484.510.3974x217,thomasmercer@yahoo.com,Can I trade in my old SUV for a new one?
Diamond Suarez,195.470.7038,melaniegriffin@hotmail.com,Need a quote for repairing my RV.
Frederick Barry,368.228.2975x23028,megan70@yahoo.com,Need a quote for repairing my truck.
Gina Melton,001-729-775-7627x0602,rebecca34@yahoo.com,Need a quote for repairing my pickup truck.
Sara Burns,883-509-7934,coxjoseph@gmail.com,Can I trade in my old pickup truck for a new one?
Allen West,895-911-9716,freemankaren@mann-chavez.biz,Do you offer warranties for a pickup truck?
Steven Hernandez,4991562979,bakerallison@scott-fowler.com,Looking for the best fuel-efficient pickup truck.
Jordan Hunter,125-844-5520x391,lvargas@wilson.biz,I'm interested in buying a new motorcycle.
Samantha Parks,358-607-7236x93404,bradyvanessa@gmail.com,Looking for the best fuel-efficient SUV.
Joshua Fisher,+1-718-323-5038x56610,christina24@hotmail.com,Need a quote for repairing my motorcycle.
David Myers,(239)649-7623x608,garrisonrebekah@hotmail.com,Looking for a loan option for my van.
David Stephens,+1-473-856-1419x4289,ramirezjoshua@hotmail.com,Do you offer warranties for a pickup truck?
Stacey Armstrong,001-665-128-7791x35630,lucaskoch@jackson.com,Looking for the best lease deals on a van.
Peggy Ward MD,435.362.8666x64467,colleen84@yahoo.com,Looking for a loan option for my motorcycle.
Robert Cruz,105-114-4847x218,uperry@christensen.com,Looking for the best lease deals on a pickup truck.
Crystal Rhodes,948-648-8253x1595,farrellkaren@wells-daniels.com,Do you offer warranties for a van?
Tara Alexander,(195)177-3668,mackenziehenry@gmail.com,Looking for the best lease deals on a RV.
Anthony Vega,826.295.4377,owilkinson@hotmail.com,What's the best maintenance plan for my RV?
Michael Marsh MD,+1-771-388-9860x273,evansmonica@yahoo.com,Do you offer insurance for a RV?
Nicole King,001-957-690-5193x0339,mthomas@yahoo.com,What's the best maintenance plan for my RV?
Jasmine Wang,001-090-892-4767x8824,kelly00@nguyen-hudson.com,What's the best maintenance plan for my RV?
Shannon Martin Jr.,877.164.9050x79959,epowers@tran-gibbs.info,What's the best maintenance plan for my car?
Robert Conway,335.428.9293,manningpatricia@reed.org,Need a quote for repairing my motorcycle.
Jennifer Cooke,068-236-6422x08904,conwaythomas@holmes.net,Looking for the best lease deals on a truck.
Brooke Floyd,001-240-757-8849,jholt@ortiz.net,Looking for the best fuel-efficient RV.
Jennifer Johnson,345.847.5653,adkinstaylor@morris.net,Looking for the best fuel-efficient car.
Melissa Richardson,629.476.5783,butlercarlos@wright.com,Do you offer insurance for a RV?
Alexa Price,(898)849-9150,mgarner@griffith.com,Looking for a loan option for my pickup truck.
Gregory Baker,(836)895-1388x269,tracifrench@gmail.com,Can I trade in my old SUV for a new one?
Anthony Myers,1700221706,carpentermegan@hotmail.com,Need a quote for repairing my pickup truck.
Edwin Romero,(063)501-5721x02450,tuckerjean@hotmail.com,I'm interested in buying a new pickup truck.
Anita Murphy,857-004-9261x406,asmith@potter-ashley.com,What's the best maintenance plan for my car?
Cheryl Sullivan,+1-220-723-6167x51018,halldaniel@smith.org,Looking for the best fuel-efficient RV.
Cheryl Dixon,+1-726-108-5601x4839,dmoore@thompson-johnson.com,Interested in test-driving the latest RV.
Tammie Ware,001-681-685-6393x0879,benjaminwashington@yahoo.com,Looking for the best lease deals on a truck.
Kelsey Hall,(486)563-9876x70879,curtisnelson@stark.biz,Need a quote for repairing my van.
Kevin Mcgee,(260)073-2730,nancyfields@yahoo.com,What's the best maintenance plan for my SUV?
Rachel Williams,+1-062-698-7118,bwhite@yahoo.com,Looking for a loan option for my motorcycle.
Janet Stokes,(159)181-8771,yorkchristopher@gmail.com,Interested in test-driving the latest pickup truck.
Adam James,001-863-676-0323x9037,deanna28@bryant.com,Can I trade in my old pickup truck for a new one?
Paul Hudson,393.778.3700x06152,crystal47@smith.info,Do you offer warranties for a van?
Matthew Johnson,001-736-088-9014,laurajenkins@hotmail.com,Can I trade in my old pickup truck for a new one?
Scott Moore,001-260-565-7839x203,dawn60@gmail.com,Interested in test-driving the latest pickup truck.
Mr. Andrew Silva,3373937991,csharp@yahoo.com,Do you offer warranties for a motorcycle?
Randall Byrd,8604164946,lambkatherine@yahoo.com,Looking for the best fuel-efficient SUV.
Claudia Strickland,(440)993-6059x474,rowlandsylvia@gmail.com,I'm interested in buying a new electric vehicle.
Kayla Hardin,065.070.3887x69959,ibates@rosales.com,Do you offer warranties for a truck?
Marie Garcia,596-964-0127x4165,jenningssylvia@banks-mcdonald.com,What's the best maintenance plan for my car?
Jennifer Williams,158.864.3935,duncangary@hotmail.com,I'm interested in buying a new van.
Maria Werner,843-147-7131,zdavis@willis.com,I'm interested in buying a new pickup truck.
Michael Yates,828-916-6434x0636,davismichelle@reeves.com,I'm interested in buying a new motorcycle.
Joshua Conner,795.863.8367,yarnold@wright-frank.info,Need a quote for repairing my electric vehicle.
Melissa Bowen,814.519.6331x3584,williammcdaniel@mccoy.com,Interested in test-driving the latest van.
Aaron Gonzales,001-414-955-9647x981,caitlinbrown@rodriguez-phelps.biz,Do you offer insurance for a electric vehicle?
Anna Kelly,4036415278,stevenjames@hernandez.com,Looking for the best lease deals on a pickup truck.
Derek Wilson,001-606-061-4613x92705,benjaminstewart@yahoo.com,Looking for the best lease deals on a pickup truck.
Pamela Stewart,+1-757-206-0088,gstokes@gmail.com,Looking for the best lease deals on a car.
Eric Butler,001-638-630-8939x6833,angelica05@gmail.com,Do you offer warranties for a car?
Elizabeth Myers,+1-155-429-6345x837,jamesdenise@bridges-pham.com,Looking for the best lease deals on a RV.
Brenda Hoover,(481)798-2909,denise06@james.com,Do you offer warranties for a SUV?
Benjamin Miller,912-789-5105,harrisonmichelle@yahoo.com,Looking for the best lease deals on a RV.
Peter Schwartz,001-248-402-0526x51402,elizabeth58@yahoo.com,Can I trade in my old motorcycle for a new one?
Andrew Soto,178-176-9825,sramirez@gmail.com,Interested in test-driving the latest van.
Colleen Trujillo,350-738-9060x098,liucrystal@hernandez.com,Can I trade in my old motorcycle for a new one?
Anthony Wright,+1-681-160-3430x448,victorblair@taylor-orozco.com,Looking for the best fuel-efficient van.
Briana Rush,(510)784-9982,lawrencejames@hill.net,Looking for the best lease deals on a SUV.
Christopher Francis,(182)763-4062x36989,mayterri@yahoo.com,What's the best maintenance plan for my motorcycle?
Anthony Marquez,001-305-296-8670,jonessharon@wood.com,Do you offer warranties for a RV?
Justin Simmons,715-851-2260x6185,jonesronald@gmail.com,Do you offer insurance for a SUV?
Jennifer Washington,+1-638-535-0938x806,kbell@gmail.com,Interested in test-driving the latest RV.
Samuel Adkins,(697)646-2379x34909,ninajohnson@fox-benson.com,Looking for the best lease deals on a motorcycle.
James Miller,619.996.5760,slynch@hotmail.com,Looking for the best fuel-efficient pickup truck.
Sara Flores,243.233.6885,paula80@yahoo.com,Can I trade in my old electric vehicle for a new one?
Charles Choi,001-424-124-4351x0042,benjaminstewart@gmail.com,Looking for the best lease deals on a van.
Peter Martinez,272-356-0978x7322,hernandezanna@horn.org,Do you offer insurance for a RV?
Christopher Adams,4696630101,aaron53@gmail.com,Interested in test-driving the latest pickup truck.
Joshua Mcgee,001-239-057-9432x351,julie77@yahoo.com,Looking for a loan option for my SUV.
Lucas Lewis,157.042.1952x254,rachel03@hotmail.com,What's the best maintenance plan for my van?
Heather Acosta,127.545.7040,lowejennifer@gmail.com,Need a quote for repairing my SUV.
Christopher Diaz,001-115-648-3605x30061,jonesanne@gmail.com,Do you offer warranties for a electric vehicle?
Kyle Kelly,(784)044-9635,garrettbrandon@casey.com,Can I trade in my old truck for a new one?
Michael Robinson,3028387470,oreyes@yahoo.com,Looking for a loan option for my truck.
Angela Guzman,1092478188,dawnconley@gmail.com,Interested in test-driving the latest electric vehicle.
Kelly Adams,+1-428-936-2989x95523,ccarney@gmail.com,Can I trade in my old SUV for a new one?
Kelsey Cole,(373)491-9495,lcase@hotmail.com,Can I trade in my old truck for a new one?
Michael Rodriguez,+1-900-529-9714,lowedominique@hotmail.com,Looking for a loan option for my motorcycle.
Sean Anderson,+1-415-623-3223x915,awatkins@yahoo.com,Do you offer warranties for a van?
Jamie Simpson,001-794-001-8195x11506,michelledavis@young-cohen.com,Can I trade in my old RV for a new one?
Benjamin Jones,+1-809-785-9267x56253,kimberly73@carr.net,Looking for the best fuel-efficient motorcycle.
Kayla King,+1-508-388-3592x6100,mshah@yahoo.com,I'm interested in buying a new SUV.
James Nelson,350-853-8787,charlenereyes@hotmail.com,What's the best maintenance plan for my electric vehicle?
Alexandria Smith,(869)421-8709x061,tnguyen@hotmail.com,Need a quote for repairing my motorcycle.
Rebecca Barnes,(921)239-7693x892,mcguirekatrina@hotmail.com,Looking for a loan option for my electric vehicle.
Michael Blair,+1-961-967-6506,michaelbush@gmail.com,I'm interested in buying a new motorcycle.
Juan Perry,001-892-898-0893x2165,kblanchard@salazar-wilson.com,Can I trade in my old truck for a new one?
Stephen Smith,001-857-470-6277,molly94@hotmail.com,What's the best maintenance plan for my pickup truck?
